"OD750","OD680","Observation_Date_Time"
0.809,1.227,"1/10/2015 10:00:00 AM"
0.84,1.299,"1/10/2015 10:00:00 AM"
0.218,0.296,"1/10/2015 10:30:00 AM"
0.809,1.227,"1/10/2015 9:00:00 AM"
0.809,1.227,"1/10/2015 9:00:00 AM"
0.84,1.299,"1/10/2015 9:00:00 AM"
0.84,1.299,"1/10/2015 9:00:00 AM"
0.84,1.299,"1/10/2015 9:00:00 AM"
0.218,0.296,"1/10/2015 9:30:00 AM"
0.218,0.296,"1/10/2015 9:30:00 AM"
0.329,0.449,"1/12/2015 10:00:00 AM"
0.926,1.426,"1/12/2015 10:30:00 AM"
0.96,1.506,"1/12/2015 10:30:00 AM"
0.329,0.449,"1/12/2015 9:00:00 AM"
0.329,0.449,"1/12/2015 9:00:00 AM"
0.926,1.426,"1/12/2015 9:30:00 AM"
0.926,1.426,"1/12/2015 9:30:00 AM"
0.96,1.506,"1/12/2015 9:30:00 AM"
0.96,1.506,"1/12/2015 9:30:00 AM"
0.96,1.506,"1/12/2015 9:30:00 AM"
0.374,0.525,"1/13/2015 10:00:00 AM"
1.16,1.622,"1/13/2015 10:00:00 AM"
1.185,1.683,"1/13/2015 10:00:00 AM"
0.374,0.525,"1/13/2015 9:00:00 AM"
0.374,0.525,"1/13/2015 9:00:00 AM"
1.16,1.622,"1/13/2015 9:00:00 AM"
1.16,1.622,"1/13/2015 9:00:00 AM"
1.185,1.683,"1/13/2015 9:00:00 AM"
1.185,1.683,"1/13/2015 9:00:00 AM"
1.185,1.683,"1/13/2015 9:00:00 AM"
0.41,0.561,"1/14/2015 10:00:00 AM"
1.202,1.698,"1/14/2015 10:00:00 AM"
1.222,1.736,"1/14/2015 10:00:00 AM"
0.41,0.561,"1/14/2015 9:00:00 AM"
0.41,0.561,"1/14/2015 9:00:00 AM"
1.202,1.698,"1/14/2015 9:00:00 AM"
1.202,1.698,"1/14/2015 9:00:00 AM"
1.222,1.736,"1/14/2015 9:00:00 AM"
1.222,1.736,"1/14/2015 9:00:00 AM"
1.222,1.736,"1/14/2015 9:00:00 AM"
0.508,0.715,"1/15/2015 10:00:00 AM"
1.241,1.823,"1/15/2015 10:00:00 AM"
1.264,1.835,"1/15/2015 10:00:00 AM"
0.508,0.715,"1/15/2015 9:00:00 AM"
0.508,0.715,"1/15/2015 9:00:00 AM"
1.241,1.823,"1/15/2015 9:00:00 AM"
1.241,1.823,"1/15/2015 9:00:00 AM"
1.264,1.835,"1/15/2015 9:00:00 AM"
1.264,1.835,"1/15/2015 9:00:00 AM"
1.264,1.835,"1/15/2015 9:00:00 AM"
0.555,0.779,"1/16/2015 10:00:00 AM"
1.34,1.946,"1/16/2015 10:00:00 AM"
1.345,1.97,"1/16/2015 10:00:00 AM"
0.555,0.779,"1/16/2015 9:00:00 AM"
0.555,0.779,"1/16/2015 9:00:00 AM"
1.34,1.946,"1/16/2015 9:00:00 AM"
1.34,1.946,"1/16/2015 9:00:00 AM"
1.345,1.97,"1/16/2015 9:00:00 AM"
1.345,1.97,"1/16/2015 9:00:00 AM"
1.345,1.97,"1/16/2015 9:00:00 AM"
0.597,0.82,"1/17/2015 10:00:00 AM"
1.425,2.048,"1/17/2015 10:00:00 AM"
1.468,2.084,"1/17/2015 10:00:00 AM"
0.597,0.82,"1/17/2015 9:00:00 AM"
0.597,0.82,"1/17/2015 9:00:00 AM"
1.425,2.048,"1/17/2015 9:00:00 AM"
1.425,2.048,"1/17/2015 9:00:00 AM"
1.468,2.084,"1/17/2015 9:00:00 AM"
1.468,2.084,"1/17/2015 9:00:00 AM"
1.468,2.084,"1/17/2015 9:00:00 AM"
0.739,1.003,"1/19/2015 10:30:00 AM"
0.739,1.003,"1/19/2015 10:30:00 AM"
1.582,2.335,"1/19/2015 10:30:00 AM"
1.582,2.335,"1/19/2015 10:30:00 AM"
1.623,2.368,"1/19/2015 10:30:00 AM"
1.623,2.368,"1/19/2015 10:30:00 AM"
1.623,2.368,"1/19/2015 10:30:00 AM"
0.739,1.003,"1/19/2015 11:30:00 AM"
1.582,2.335,"1/19/2015 11:30:00 AM"
1.623,2.368,"1/19/2015 11:30:00 AM"
0.606,0.834,"1/2/2015 10:30:00 AM"
0.61,0.845,"1/2/2015 10:30:00 AM"
0.606,0.834,"1/2/2015 9:30:00 AM"
0.606,0.834,"1/2/2015 9:30:00 AM"
0.61,0.845,"1/2/2015 9:30:00 AM"
0.606,0.834,"1/2/2015 9:30:00 AM"
0.61,0.845,"1/2/2015 9:30:00 AM"
0.769,1.019,"1/20/2015 10:00:00 AM"
1.978,2.633,"1/20/2015 10:00:00 AM"
1.978,2.633,"1/20/2015 10:00:00 AM"
1.985,2.643,"1/20/2015 10:00:00 AM"
0.74,1.07,"1/20/2015 11:00:00 AM"
0.74,1.07,"1/20/2015 11:00:00 AM"
0.8,1.16,"1/20/2015 11:00:00 AM"
0.89,1.33,"1/20/2015 12:00:00 PM"
0.71,1.14,"1/20/2015 12:00:00 PM"
0.76,1.1,"1/20/2015 12:00:00 PM"
0.8,1.16,"1/20/2015 12:00:00 PM"
0.8,1.14,"1/20/2015 2:30:00 PM"
0.84,1.18,"1/20/2015 2:30:00 PM"
0.84,1.18,"1/20/2015 2:30:00 PM"
0.82,1.19,"1/20/2015 2:30:00 PM"
0.8,1.19,"1/20/2015 2:30:00 PM"
0.88,1.26,"1/20/2015 2:30:00 PM"
0.98,1.43,"1/20/2015 2:30:00 PM"
0.769,1.019,"1/20/2015 9:00:00 AM"
0.769,1.019,"1/20/2015 9:00:00 AM"
1.978,2.633,"1/20/2015 9:00:00 AM"
1.978,2.633,"1/20/2015 9:00:00 AM"
1.985,2.643,"1/20/2015 9:00:00 AM"
1.985,2.643,"1/20/2015 9:00:00 AM"
1.985,2.643,"1/20/2015 9:00:00 AM"
0.681,0.922,"1/21/2015 10:00:00 AM"
2.028,2.708,"1/21/2015 10:00:00 AM"
2.028,2.708,"1/21/2015 10:00:00 AM"
2.083,2.8,"1/21/2015 10:00:00 AM"
0.153,0.153,"1/21/2015 12:00:00 AM"
0.153,0.153,"1/21/2015 12:00:00 AM"
0.153,0.153,"1/21/2015 12:00:00 AM"
0.153,0.153,"1/21/2015 12:00:00 AM"
0.82,1.18,"1/21/2015 2:30:00 PM"
0.84,1.19,"1/21/2015 2:30:00 PM"
0.84,1.21,"1/21/2015 2:30:00 PM"
0.88,1.26,"1/21/2015 2:30:00 PM"
0.88,1.26,"1/21/2015 2:30:00 PM"
0.93,1.31,"1/21/2015 2:30:00 PM"
1.01,1.5,"1/21/2015 2:30:00 PM"
0.77,1.14,"1/21/2015 9:00:00 AM"
0.77,1.14,"1/21/2015 9:00:00 AM"
0.77,1.14,"1/21/2015 9:00:00 AM"
0.9,1.37,"1/21/2015 9:00:00 AM"
0.77,1.16,"1/21/2015 9:00:00 AM"
0.74,1.14,"1/21/2015 9:00:00 AM"
0.82,1.19,"1/21/2015 9:00:00 AM"
0.681,0.922,"1/21/2015 9:00:00 AM"
0.681,0.922,"1/21/2015 9:00:00 AM"
2.028,2.708,"1/21/2015 9:00:00 AM"
2.028,2.708,"1/21/2015 9:00:00 AM"
2.083,2.8,"1/21/2015 9:00:00 AM"
2.083,2.8,"1/21/2015 9:00:00 AM"
2.083,2.8,"1/21/2015 9:00:00 AM"
0.649,0.873,"1/22/2015 10:00:00 AM"
1.928,2.535,"1/22/2015 10:00:00 AM"
1.928,2.535,"1/22/2015 10:00:00 AM"
2.068,2.67,"1/22/2015 10:00:00 AM"
"NA","NA","1/22/2015 2:05:00 PM"
2.005,2.63,"1/22/2015 2:05:00 PM"
2.005,2.63,"1/22/2015 2:05:00 PM"
2.108,2.765,"1/22/2015 2:05:00 PM"
2.108,2.765,"1/22/2015 2:05:00 PM"
2.108,2.765,"1/22/2015 2:05:00 PM"
0.76,1.11,"1/22/2015 2:30:00 PM"
0.78,1.12,"1/22/2015 2:30:00 PM"
0.79,1.13,"1/22/2015 2:30:00 PM"
0.8,1.17,"1/22/2015 2:30:00 PM"
0.8,1.17,"1/22/2015 2:30:00 PM"
0.84,1.19,"1/22/2015 2:30:00 PM"
0.9,1.36,"1/22/2015 2:30:00 PM"
2.005,2.63,"1/22/2015 3:05:00 PM"
2.005,2.63,"1/22/2015 3:05:00 PM"
2.108,2.765,"1/22/2015 3:05:00 PM"
0.733,0.982,"1/22/2015 3:15:00 AM"
0.733,0.982,"1/22/2015 3:15:00 AM"
0.733,0.982,"1/22/2015 4:15:00 AM"
0.525,0.709,"1/22/2015 4:45:00 PM"
0.525,0.709,"1/22/2015 4:45:00 PM"
0.563,0.768,"1/22/2015 4:45:00 PM"
0.563,0.768,"1/22/2015 4:45:00 PM"
0.563,0.768,"1/22/2015 4:45:00 PM"
0.525,0.709,"1/22/2015 5:45:00 PM"
0.525,0.709,"1/22/2015 5:45:00 PM"
0.563,0.768,"1/22/2015 5:45:00 PM"
0.87,1.35,"1/22/2015 9:00:00 AM"
0.72,1.08,"1/22/2015 9:00:00 AM"
0.78,1.16,"1/22/2015 9:00:00 AM"
0.78,1.16,"1/22/2015 9:00:00 AM"
0.76,1.08,"1/22/2015 9:00:00 AM"
0.78,1.15,"1/22/2015 9:00:00 AM"
0.83,1.2,"1/22/2015 9:00:00 AM"
0.649,0.873,"1/22/2015 9:00:00 AM"
0.649,0.873,"1/22/2015 9:00:00 AM"
1.928,2.535,"1/22/2015 9:00:00 AM"
1.928,2.535,"1/22/2015 9:00:00 AM"
2.068,2.67,"1/22/2015 9:00:00 AM"
2.068,2.67,"1/22/2015 9:00:00 AM"
2.068,2.67,"1/22/2015 9:00:00 AM"
0.531,0.731,"1/23/2015 10:00:00 AM"
0.566,0.788,"1/23/2015 10:00:00 AM"
0.722,0.984,"1/23/2015 10:00:00 AM"
0.122,0.122,"1/23/2015 12:00:00 AM"
0.135,0.135,"1/23/2015 12:00:00 AM"
0.128,0.128,"1/23/2015 12:00:00 AM"
0.37,0.37,"1/23/2015 12:00:00 AM"
0.72,1.05,"1/23/2015 2:30:00 PM"
0.73,1.06,"1/23/2015 2:30:00 PM"
0.73,1.06,"1/23/2015 2:30:00 PM"
0.76,1.09,"1/23/2015 2:30:00 PM"
0.78,1.13,"1/23/2015 2:30:00 PM"
0.78,1.13,"1/23/2015 2:30:00 PM"
0.86,1.31,"1/23/2015 2:30:00 PM"
"NA","NA","1/23/2015 9:00:00 AM"
"NA","NA","1/23/2015 9:00:00 AM"
"NA","NA","1/23/2015 9:00:00 AM"
"NA","NA","1/23/2015 9:00:00 AM"
"NA","NA","1/23/2015 9:00:00 AM"
"NA","NA","1/23/2015 9:00:00 AM"
0.531,0.731,"1/23/2015 9:00:00 AM"
0.531,0.731,"1/23/2015 9:00:00 AM"
0.566,0.788,"1/23/2015 9:00:00 AM"
0.566,0.788,"1/23/2015 9:00:00 AM"
0.566,0.788,"1/23/2015 9:00:00 AM"
0.722,0.984,"1/23/2015 9:00:00 AM"
0.722,0.984,"1/23/2015 9:00:00 AM"
0.577,0.782,"1/24/2015 10:00:00 AM"
0.597,0.812,"1/24/2015 10:00:00 AM"
0.723,0.978,"1/24/2015 10:00:00 AM"
"NA","NA","1/24/2015 9:00:00 AM"
"NA","NA","1/24/2015 9:00:00 AM"
"NA","NA","1/24/2015 9:00:00 AM"
"NA","NA","1/24/2015 9:00:00 AM"
"NA","NA","1/24/2015 9:00:00 AM"
"NA","NA","1/24/2015 9:00:00 AM"
"NA","NA","1/24/2015 9:00:00 AM"
0.577,0.782,"1/24/2015 9:00:00 AM"
0.577,0.782,"1/24/2015 9:00:00 AM"
0.597,0.812,"1/24/2015 9:00:00 AM"
0.597,0.812,"1/24/2015 9:00:00 AM"
0.597,0.812,"1/24/2015 9:00:00 AM"
0.723,0.978,"1/24/2015 9:00:00 AM"
0.723,0.978,"1/24/2015 9:00:00 AM"
"NA","NA","1/25/2015 9:00:00 AM"
"NA","NA","1/25/2015 9:00:00 AM"
"NA","NA","1/25/2015 9:00:00 AM"
"NA","NA","1/25/2015 9:00:00 AM"
"NA","NA","1/25/2015 9:00:00 AM"
"NA","NA","1/25/2015 9:00:00 AM"
"NA","NA","1/25/2015 9:00:00 AM"
0.672,0.927,"1/26/2015 10:00:00 AM"
0.72,0.993,"1/26/2015 10:00:00 AM"
0.781,1.078,"1/26/2015 10:00:00 AM"
0.11,0.11,"1/26/2015 12:00:00 AM"
0.115,0.115,"1/26/2015 12:00:00 AM"
0.115,0.115,"1/26/2015 12:00:00 AM"
0.798,0.798,"1/26/2015 12:00:00 AM"
0.91,1.33,"1/26/2015 2:30:00 PM"
0.96,1.43,"1/26/2015 2:30:00 PM"
0.98,1.45,"1/26/2015 2:30:00 PM"
0.99,1.6,"1/26/2015 2:30:00 PM"
0.99,1.6,"1/26/2015 2:30:00 PM"
1.02,1.62,"1/26/2015 2:30:00 PM"
1.2,1.89,"1/26/2015 2:30:00 PM"
0.672,0.927,"1/26/2015 9:00:00 AM"
0.672,0.927,"1/26/2015 9:00:00 AM"
0.72,0.993,"1/26/2015 9:00:00 AM"
0.72,0.993,"1/26/2015 9:00:00 AM"
0.72,0.993,"1/26/2015 9:00:00 AM"
0.781,1.078,"1/26/2015 9:00:00 AM"
0.781,1.078,"1/26/2015 9:00:00 AM"
0.98,1.57,"1/26/2015 9:00:00 AM"
0.98,1.57,"1/26/2015 9:00:00 AM"
0.94,1.55,"1/26/2015 9:00:00 AM"
0.89,1.34,"1/26/2015 9:00:00 AM"
0.9,1.38,"1/26/2015 9:00:00 AM"
1.13,1.79,"1/26/2015 9:00:00 AM"
0.84,1.28,"1/26/2015 9:00:00 AM"
0.724,1.012,"1/27/2015 10:00:00 AM"
0.759,1.016,"1/27/2015 10:00:00 AM"
0.776,1.082,"1/27/2015 10:00:00 AM"
0.108,0.108,"1/27/2015 12:00:00 AM"
0.119,0.119,"1/27/2015 12:00:00 AM"
0.119,0.119,"1/27/2015 12:00:00 AM"
1.05,1.05,"1/27/2015 12:00:00 AM"
0.89,1.39,"1/27/2015 2:30:00 PM"
0.9,1.48,"1/27/2015 2:30:00 PM"
0.99,1.6,"1/27/2015 2:30:00 PM"
1.2,2.03,"1/27/2015 2:30:00 PM"
1.21,2.06,"1/27/2015 2:30:00 PM"
1.21,2.06,"1/27/2015 2:30:00 PM"
1.4,2.34,"1/27/2015 2:30:00 PM"
1.12,1.82,"1/27/2015 9:00:00 AM"
1.12,1.82,"1/27/2015 9:00:00 AM"
1.16,1.82,"1/27/2015 9:00:00 AM"
1.36,2.17,"1/27/2015 9:00:00 AM"
0.91,1.39,"1/27/2015 9:00:00 AM"
0.92,1.47,"1/27/2015 9:00:00 AM"
1.01,1.57,"1/27/2015 9:00:00 AM"
0.724,1.012,"1/27/2015 9:00:00 AM"
0.724,1.012,"1/27/2015 9:00:00 AM"
0.759,1.016,"1/27/2015 9:00:00 AM"
0.759,1.016,"1/27/2015 9:00:00 AM"
0.776,1.082,"1/27/2015 9:00:00 AM"
0.776,1.082,"1/27/2015 9:00:00 AM"
0.776,1.082,"1/27/2015 9:00:00 AM"
0.681,0.974,"1/28/2015 10:00:00 AM"
0.702,1.03,"1/28/2015 10:00:00 AM"
0.823,1.217,"1/28/2015 10:00:00 AM"
0.266,0.266,"1/28/2015 12:00:00 AM"
0.284,0.284,"1/28/2015 12:00:00 AM"
0.308,0.308,"1/28/2015 12:00:00 AM"
1.278,1.278,"1/28/2015 12:00:00 AM"
1.08,1.69,"1/28/2015 2:30:00 PM"
1.12,1.7,"1/28/2015 2:30:00 PM"
1.28,1.94,"1/28/2015 2:30:00 PM"
1.62,2.66,"1/28/2015 2:30:00 PM"
1.65,2.71,"1/28/2015 2:30:00 PM"
1.65,2.71,"1/28/2015 2:30:00 PM"
1.94,3.17,"1/28/2015 2:30:00 PM"
0.681,0.974,"1/28/2015 9:00:00 AM"
0.681,0.974,"1/28/2015 9:00:00 AM"
0.702,1.03,"1/28/2015 9:00:00 AM"
0.823,1.217,"1/28/2015 9:00:00 AM"
0.823,1.217,"1/28/2015 9:00:00 AM"
0.702,1.03,"1/28/2015 9:00:00 AM"
0.823,1.217,"1/28/2015 9:00:00 AM"
1.4,2.23,"1/28/2015 9:00:00 AM"
1.41,2.32,"1/28/2015 9:00:00 AM"
1.41,2.32,"1/28/2015 9:00:00 AM"
0.97,1.44,"1/28/2015 9:00:00 AM"
1.6,2.54,"1/28/2015 9:00:00 AM"
1,1.71,"1/28/2015 9:00:00 AM"
1.06,1.74,"1/28/2015 9:00:00 AM"
0.768,1.131,"1/29/2015 10:00:00 AM"
0.799,1.199,"1/29/2015 10:00:00 AM"
0.886,1.335,"1/29/2015 10:00:00 AM"
0.288,0.288,"1/29/2015 12:00:00 AM"
0.29,0.29,"1/29/2015 12:00:00 AM"
0.292,0.292,"1/29/2015 12:00:00 AM"
1.224,1.224,"1/29/2015 12:00:00 AM"
1.21,1.83,"1/29/2015 2:30:00 PM"
1.26,2.07,"1/29/2015 2:30:00 PM"
1.37,2.15,"1/29/2015 2:30:00 PM"
1.94,3.1,"1/29/2015 2:30:00 PM"
1.94,3.12,"1/29/2015 2:30:00 PM"
2.15,3.53,"1/29/2015 2:30:00 PM"
1.73,2.75,"1/29/2015 9:00:00 AM"
1.73,2.75,"1/29/2015 9:00:00 AM"
1.63,2.64,"1/29/2015 9:00:00 AM"
1.91,3.1,"1/29/2015 9:00:00 AM"
1.09,1.7,"1/29/2015 9:00:00 AM"
1.19,1.97,"1/29/2015 9:00:00 AM"
1.21,1.98,"1/29/2015 9:00:00 AM"
0.768,1.131,"1/29/2015 9:00:00 AM"
0.768,1.131,"1/29/2015 9:00:00 AM"
0.799,1.199,"1/29/2015 9:00:00 AM"
0.799,1.199,"1/29/2015 9:00:00 AM"
0.886,1.335,"1/29/2015 9:00:00 AM"
0.886,1.335,"1/29/2015 9:00:00 AM"
0.886,1.335,"1/29/2015 9:00:00 AM"
0.83,1.236,"1/30/2015 10:00:00 AM"
0.841,1.256,"1/30/2015 10:00:00 AM"
0.922,1.385,"1/30/2015 10:00:00 AM"
0.393,0.393,"1/30/2015 12:00:00 AM"
0.415,0.415,"1/30/2015 12:00:00 AM"
0.418,0.418,"1/30/2015 12:00:00 AM"
1.344,1.344,"1/30/2015 12:00:00 AM"
1.25,1.92,"1/30/2015 2:30:00 PM"
1.36,2.2,"1/30/2015 2:30:00 PM"
1.35,2.2,"1/30/2015 2:30:00 PM"
1.89,3.1,"1/30/2015 2:30:00 PM"
1.91,3.12,"1/30/2015 2:30:00 PM"
2.17,3.55,"1/30/2015 2:30:00 PM"
0.83,1.236,"1/30/2015 9:00:00 AM"
0.83,1.236,"1/30/2015 9:00:00 AM"
0.841,1.256,"1/30/2015 9:00:00 AM"
0.841,1.256,"1/30/2015 9:00:00 AM"
0.922,1.385,"1/30/2015 9:00:00 AM"
0.922,1.385,"1/30/2015 9:00:00 AM"
0.922,1.385,"1/30/2015 9:00:00 AM"
1.33,2.2,"1/30/2015 9:00:00 AM"
1.82,2.98,"1/30/2015 9:00:00 AM"
1.13,1.77,"1/30/2015 9:00:00 AM"
1.27,2.13,"1/30/2015 9:00:00 AM"
2.02,3.33,"1/30/2015 9:00:00 AM"
1.93,3.11,"1/30/2015 9:00:00 AM"
0.678,0.958,"1/31/2015 10:00:00 AM"
0.695,1,"1/31/2015 10:00:00 AM"
0.743,1.078,"1/31/2015 10:00:00 AM"
"NA","NA","1/31/2015 9:00:00 AM"
"NA","NA","1/31/2015 9:00:00 AM"
"NA","NA","1/31/2015 9:00:00 AM"
"NA","NA","1/31/2015 9:00:00 AM"
"NA","NA","1/31/2015 9:00:00 AM"
"NA","NA","1/31/2015 9:00:00 AM"
0.678,0.958,"1/31/2015 9:00:00 AM"
0.678,0.958,"1/31/2015 9:00:00 AM"
0.695,1,"1/31/2015 9:00:00 AM"
0.695,1,"1/31/2015 9:00:00 AM"
0.743,1.078,"1/31/2015 9:00:00 AM"
0.743,1.078,"1/31/2015 9:00:00 AM"
0.743,1.078,"1/31/2015 9:00:00 AM"
0.639,0.888,"1/5/2015 10:00:00 AM"
0.653,0.906,"1/5/2015 10:00:00 AM"
0.639,0.888,"1/5/2015 9:00:00 AM"
0.639,0.888,"1/5/2015 9:00:00 AM"
0.653,0.906,"1/5/2015 9:00:00 AM"
0.653,0.906,"1/5/2015 9:00:00 AM"
0.653,0.906,"1/5/2015 9:00:00 AM"
0.65,0.913,"1/6/2015 10:00:00 AM"
0.67,0.947,"1/6/2015 10:00:00 AM"
0.65,0.913,"1/6/2015 9:00:00 AM"
0.65,0.913,"1/6/2015 9:00:00 AM"
0.67,0.947,"1/6/2015 9:00:00 AM"
0.67,0.947,"1/6/2015 9:00:00 AM"
0.67,0.947,"1/6/2015 9:00:00 AM"
0.692,0.984,"1/7/2015 10:00:00 AM"
0.697,1.002,"1/7/2015 10:00:00 AM"
0.18,0.233,"1/7/2015 2:45:00 PM"
0.18,0.233,"1/7/2015 2:45:00 PM"
0.18,0.233,"1/7/2015 3:45:00 PM"
0.692,0.984,"1/7/2015 9:00:00 AM"
0.692,0.984,"1/7/2015 9:00:00 AM"
0.697,1.002,"1/7/2015 9:00:00 AM"
0.697,1.002,"1/7/2015 9:00:00 AM"
0.697,1.002,"1/7/2015 9:00:00 AM"
0.162,0.212,"1/8/2015 10:00:00 AM"
0.742,1.076,"1/8/2015 10:00:00 AM"
0.759,1.124,"1/8/2015 10:00:00 AM"
0.162,0.212,"1/8/2015 9:00:00 AM"
0.162,0.212,"1/8/2015 9:00:00 AM"
0.742,1.076,"1/8/2015 9:00:00 AM"
0.742,1.076,"1/8/2015 9:00:00 AM"
0.759,1.124,"1/8/2015 9:00:00 AM"
0.759,1.124,"1/8/2015 9:00:00 AM"
0.759,1.124,"1/8/2015 9:00:00 AM"
0.166,0.218,"1/9/2015 10:00:00 AM"
0.743,1.085,"1/9/2015 10:00:00 AM"
0.765,1.132,"1/9/2015 10:00:00 AM"
0.166,0.218,"1/9/2015 9:00:00 AM"
0.166,0.218,"1/9/2015 9:00:00 AM"
0.743,1.085,"1/9/2015 9:00:00 AM"
0.743,1.085,"1/9/2015 9:00:00 AM"
0.765,1.132,"1/9/2015 9:00:00 AM"
0.765,1.132,"1/9/2015 9:00:00 AM"
0.765,1.132,"1/9/2015 9:00:00 AM"
0.091,0.103,"10/15/2014 12:15:00 PM"
0.091,0.103,"10/15/2014 12:15:00 PM"
0.112,0.129,"10/15/2014 12:15:00 PM"
0.127,0.144,"10/15/2014 12:15:00 PM"
0.088,0.106,"10/16/2014 8:00:00 AM"
0.088,0.106,"10/16/2014 8:00:00 AM"
0.116,0.132,"10/16/2014 8:00:00 AM"
0.133,0.165,"10/16/2014 8:00:00 AM"
0.228,0.291,"10/17/2014 8:00:00 AM"
0.233,0.306,"10/17/2014 8:00:00 AM"
0.233,0.306,"10/17/2014 8:00:00 AM"
0.272,0.349,"10/17/2014 8:00:00 AM"
0.415,0.534,"10/18/2014 9:00:00 AM"
0.459,0.583,"10/18/2014 9:00:00 AM"
0.464,0.603,"10/18/2014 9:00:00 AM"
0.464,0.603,"10/18/2014 9:00:00 AM"
0.691,0.967,"10/19/2014 9:00:00 AM"
0.729,0.991,"10/19/2014 9:00:00 AM"
0.763,1.063,"10/19/2014 9:00:00 AM"
0.763,1.063,"10/19/2014 9:00:00 AM"
1.08,1.395,"10/20/2014 11:45:00 AM"
1.07,1.39,"10/20/2014 9:00:00 AM"
1.11,1.415,"10/20/2014 9:00:00 AM"
1.11,1.415,"10/20/2014 9:00:00 AM"
1.43,1.825,"10/21/2014 9:00:00 AM"
1.43,1.825,"10/21/2014 9:00:00 AM"
1.66,2.2,"10/21/2014 9:00:00 AM"
1.706,2.255,"10/21/2014 9:00:00 AM"
2.335,3.073,"10/22/2014 2:10:00 PM"
1.705,2.253,"10/22/2014 9:00:00 AM"
1.705,2.253,"10/22/2014 9:00:00 AM"
1.738,2.28,"10/22/2014 9:00:00 AM"
1.74,2.313,"10/22/2014 9:00:00 AM"
2.065,2.728,"10/23/2014 1:45:00 PM"
2.378,3.095,"10/23/2014 1:45:00 PM"
2.275,2.89,"10/23/2014 2:30:00 PM"
2.275,2.89,"10/23/2014 2:30:00 PM"
0.734,0.974,"10/23/2014 4:20:00 PM"
2.268,2.918,"10/23/2014 4:20:00 PM"
2.47,3.26,"10/23/2014 9:00:00 AM"
2.648,3.075,"10/23/2014 9:00:00 AM"
2.275,2.998,"10/23/2014 9:00:00 AM"
2.275,2.998,"10/23/2014 9:00:00 AM"
0.133,0.171,"10/24/2014 9:00:00 AM"
0.133,0.171,"10/24/2014 9:00:00 AM"
0.728,0.965,"10/24/2014 9:00:00 AM"
0.747,1.009,"10/24/2014 9:00:00 AM"
0.163,0.198,"10/25/2014 9:30:00 AM"
0.163,0.198,"10/25/2014 9:30:00 AM"
0.743,1.008,"10/25/2014 9:30:00 AM"
1.077,1.459,"10/25/2014 9:30:00 AM"
0.529,0.727,"10/27/2014 9:00:00 AM"
0.529,0.727,"10/27/2014 9:00:00 AM"
2.145,2.76,"10/27/2014 9:00:00 AM"
2.188,2.868,"10/27/2014 9:00:00 AM"
0.684,0.956,"10/28/2014 9:00:00 AM"
0.684,0.956,"10/28/2014 9:00:00 AM"
2.213,2.81,"10/28/2014 9:00:00 AM"
2.293,2.955,"10/28/2014 9:00:00 AM"
0.828,1.212,"10/29/2014 9:00:00 AM"
0.828,1.212,"10/29/2014 9:00:00 AM"
2.528,3.295,"10/29/2014 9:00:00 AM"
2.845,3.688,"10/29/2014 9:00:00 AM"
0.719,0.976,"10/30/2014 1:30:00 PM"
0.782,1.04,"10/30/2014 1:30:00 PM"
0.74,0.946,"10/30/2014 11:00:00 AM"
0.74,0.946,"10/30/2014 11:00:00 AM"
1.175,1.49,"10/30/2014 9:00:00 AM"
1.175,1.49,"10/30/2014 9:00:00 AM"
2.488,3.223,"10/30/2014 9:00:00 AM"
2.5,3.195,"10/30/2014 9:00:00 AM"
0.983,1.29,"10/31/2014 9:15:00 AM"
0.956,1.293,"10/31/2014 9:15:00 AM"
0.169,0.217,"11/1/2014 9:00:00 AM"
0.169,0.217,"11/1/2014 9:00:00 AM"
1.231,1.651,"11/1/2014 9:00:00 AM"
1.217,1.701,"11/1/2014 9:00:00 AM"
1.07,1.72,"11/10/2014 10:00:00 AM"
1.08,1.8,"11/10/2014 10:00:00 AM"
1.08,1.8,"11/10/2014 10:00:00 AM"
3.125,4.205,"11/10/2014 2:30:00 PM"
1.077,1.461,"11/10/2014 2:45:00 PM"
1.26,2.18,"11/10/2014 3:30:00 PM"
1.26,2.18,"11/10/2014 3:30:00 PM"
3.013,4.058,"11/10/2014 9:00:00 AM"
0.029,0.036,"11/10/2014 9:00:00 AM"
0.029,0.036,"11/10/2014 9:00:00 AM"
0.753,0.993,"11/10/2014 9:00:00 AM"
1.21,2.01,"11/11/2014 10:00:00 AM"
1.31,2.11,"11/11/2014 10:00:00 AM"
1.31,2.11,"11/11/2014 10:00:00 AM"
1.4,2.32,"11/11/2014 3:30:00 PM"
1.4,2.32,"11/11/2014 3:30:00 PM"
1.36,2.24,"11/12/2014 10:00:00 AM"
1.36,2.3,"11/12/2014 10:00:00 AM"
1.36,2.3,"11/12/2014 10:00:00 AM"
1.48,2.49,"11/12/2014 3:30:00 PM"
1.48,2.49,"11/12/2014 3:30:00 PM"
1.58,2.04,"11/12/2014 9:00:00 AM"
0.027,0.031,"11/12/2014 9:00:00 AM"
0.027,0.031,"11/12/2014 9:00:00 AM"
0.625,0.835,"11/12/2014 9:00:00 AM"
1.36,2.28,"11/13/2014 10:00:00 AM"
1.36,2.28,"11/13/2014 10:00:00 AM"
1.4,2.36,"11/13/2014 10:00:00 AM"
1.44,2.38,"11/13/2014 3:30:00 PM"
1.51,2.55,"11/13/2014 3:30:00 PM"
1.51,2.55,"11/13/2014 3:30:00 PM"
0.065,0.081,"11/13/2014 9:00:00 AM"
0.065,0.081,"11/13/2014 9:00:00 AM"
0.612,0.827,"11/13/2014 9:00:00 AM"
1.818,2.38,"11/13/2014 9:00:00 AM"
1.54,2.53,"11/14/2014 10:00:00 AM"
1.58,2.66,"11/14/2014 10:00:00 AM"
1.58,2.66,"11/14/2014 10:00:00 AM"
1.49,2.44,"11/14/2014 3:30:00 PM"
1.52,2.52,"11/14/2014 3:30:00 PM"
1.52,2.52,"11/14/2014 3:30:00 PM"
2.113,2.783,"11/14/2014 9:00:00 AM"
"NA","NA","11/15/2014 10:00:00 AM"
"NA","NA","11/15/2014 10:00:00 AM"
"NA","NA","11/15/2014 10:00:00 AM"
2.103,2.895,"11/15/2014 9:00:00 AM"
"NA","NA","11/16/2014 10:00:00 AM"
"NA","NA","11/16/2014 10:00:00 AM"
"NA","NA","11/16/2014 10:00:00 AM"
2.125,2.898,"11/16/2014 9:00:00 AM"
1.65,2.69,"11/17/2014 3:30:00 PM"
1.67,2.74,"11/17/2014 3:30:00 PM"
1.67,2.74,"11/17/2014 3:30:00 PM"
2.103,2.848,"11/17/2014 9:00:00 AM"
1.7,2.72,"11/18/2014 3:30:00 PM"
1.76,2.84,"11/18/2014 3:30:00 PM"
1.76,2.84,"11/18/2014 3:30:00 PM"
0.098,0.132,"11/18/2014 9:00:00 AM"
0.098,0.132,"11/18/2014 9:00:00 AM"
1.77,2.388,"11/18/2014 9:00:00 AM"
1.72,2.75,"11/19/2014 10:00:00 AM"
1.7,2.78,"11/19/2014 10:00:00 AM"
1.7,2.78,"11/19/2014 10:00:00 AM"
1.79,2.9,"11/19/2014 3:30:00 PM"
1.81,2.93,"11/19/2014 3:30:00 PM"
1.81,2.93,"11/19/2014 3:30:00 PM"
0.102,0.144,"11/19/2014 9:00:00 AM"
0.102,0.144,"11/19/2014 9:00:00 AM"
1.683,2.295,"11/19/2014 9:00:00 AM"
0.089,0.118,"11/2/2014 9:15:00 AM"
0.089,0.118,"11/2/2014 9:15:00 AM"
1.459,2.008,"11/2/2014 9:15:00 AM"
1.527,2.211,"11/2/2014 9:15:00 AM"
1.74,2.84,"11/20/2014 10:00:00 AM"
1.83,2.99,"11/20/2014 10:00:00 AM"
1.83,2.99,"11/20/2014 10:00:00 AM"
1.89,3.09,"11/20/2014 3:30:00 PM"
1.97,3.2,"11/20/2014 3:30:00 PM"
1.97,3.2,"11/20/2014 3:30:00 PM"
0.116,0.164,"11/20/2014 9:00:00 AM"
0.116,0.164,"11/20/2014 9:00:00 AM"
1.63,2.238,"11/20/2014 9:00:00 AM"
1.96,3.27,"11/21/2014 10:00:00 AM"
1.96,3.27,"11/21/2014 10:00:00 AM"
1.9,3.11,"11/21/2014 10:00:00 AM"
2.07,3.38,"11/21/2014 3:30:00 PM"
2.07,3.38,"11/21/2014 3:30:00 PM"
2.07,3.38,"11/21/2014 3:30:00 PM"
1.538,2.11,"11/21/2014 9:00:00 AM"
"NA","NA","11/22/2014 10:00:00 AM"
"NA","NA","11/22/2014 10:00:00 AM"
"NA","NA","11/22/2014 10:00:00 AM"
"NA","NA","11/23/2014 10:00:00 AM"
"NA","NA","11/23/2014 10:00:00 AM"
"NA","NA","11/23/2014 10:00:00 AM"
2.37,3.82,"11/24/2014 10:00:00 AM"
2.37,3.82,"11/24/2014 10:00:00 AM"
2.41,3.96,"11/24/2014 10:00:00 AM"
0.46,0.601,"11/24/2014 2:45:00 PM"
2.4,3.91,"11/24/2014 3:30:00 PM"
2.4,3.91,"11/24/2014 3:30:00 PM"
2.59,4.2,"11/24/2014 3:30:00 PM"
1.558,2.063,"11/24/2014 9:00:00 AM"
0.87,1.43,"11/25/2014 1:00:00 PM"
0.93,1.5,"11/25/2014 1:00:00 PM"
0.93,1.5,"11/25/2014 1:00:00 PM"
2.41,3.91,"11/25/2014 10:00:00 AM"
2.41,3.91,"11/25/2014 10:00:00 AM"
2.56,4.17,"11/25/2014 10:00:00 AM"
0.94,1.53,"11/25/2014 3:30:00 PM"
0.94,1.53,"11/25/2014 3:30:00 PM"
0.93,1.49,"11/25/2014 3:30:00 PM"
0.496,0.636,"11/25/2014 9:00:00 AM"
0.9,1.48,"11/26/2014 10:00:00 AM"
0.89,1.49,"11/26/2014 10:00:00 AM"
0.89,1.49,"11/26/2014 10:00:00 AM"
"NA","NA","11/27/2014 10:00:00 AM"
"NA","NA","11/27/2014 10:00:00 AM"
"NA","NA","11/27/2014 10:00:00 AM"
"NA","NA","11/28/2014 10:00:00 AM"
"NA","NA","11/28/2014 10:00:00 AM"
"NA","NA","11/29/2014 1:00:00 AM"
"NA","NA","11/29/2014 10:00:00 AM"
"NA","NA","11/29/2014 10:00:00 AM"
2.133,2.818,"11/3/2014 9:00:00 AM"
2.158,2.755,"11/3/2014 9:00:00 AM"
0.054,0.073,"11/3/2014 9:00:00 AM"
0.054,0.073,"11/3/2014 9:00:00 AM"
"NA","NA","11/30/2014 10:00:00 AM"
"NA","NA","11/30/2014 10:00:00 AM"
"NA","NA","11/30/2014 10:30:00 AM"
0.065,0.08,"11/4/2014 9:00:00 AM"
0.065,0.08,"11/4/2014 9:00:00 AM"
1.835,2.328,"11/4/2014 9:00:00 AM"
1.77,2.368,"11/4/2014 9:00:00 AM"
1.658,2.105,"11/5/2014 9:00:00 AM"
1.778,2.33,"11/5/2014 9:00:00 AM"
0.061,0.074,"11/5/2014 9:00:00 AM"
0.061,0.074,"11/5/2014 9:00:00 AM"
0.61,0.92,"11/6/2014 3:30:00 PM"
0.64,0.98,"11/6/2014 3:30:00 PM"
0.64,0.98,"11/6/2014 3:30:00 PM"
0.073,0.086,"11/6/2014 9:00:00 AM"
0.073,0.086,"11/6/2014 9:00:00 AM"
1.655,2.093,"11/6/2014 9:00:00 AM"
2.033,2.68,"11/6/2014 9:00:00 AM"
0.61,0.93,"11/7/2014 10:00:00 AM"
0.61,0.95,"11/7/2014 10:00:00 AM"
0.61,0.95,"11/7/2014 10:00:00 AM"
0.67,1.08,"11/7/2014 3:30:00 PM"
0.67,1.08,"11/7/2014 3:30:00 PM"
1.34,1.69,"11/7/2014 9:00:00 AM"
2.39,3.13,"11/7/2014 9:00:00 AM"
0.049,0.055,"11/7/2014 9:00:00 AM"
0.049,0.055,"11/7/2014 9:00:00 AM"
"NA","NA","11/8/2014 10:00:00 AM"
"NA","NA","11/8/2014 10:00:00 AM"
"NA","NA","11/8/2014 10:00:00 AM"
"NA","NA","11/9/2014 10:00:00 AM"
"NA","NA","11/9/2014 10:00:00 AM"
"NA","NA","11/9/2014 10:00:00 AM"
1.63,2.69,"12/1/2014 10:00:00 AM"
1.6,2.68,"12/1/2014 10:00:00 AM"
1.6,2.68,"12/1/2014 10:00:00 AM"
1.73,2.81,"12/1/2014 3:30:00 PM"
1.73,2.83,"12/1/2014 3:30:00 PM"
1.73,2.83,"12/1/2014 3:30:00 PM"
2.89,4.69,"12/10/2014 10:00:00 AM"
2.96,4.81,"12/10/2014 10:00:00 AM"
2.96,4.81,"12/10/2014 10:00:00 AM"
3.16,5.11,"12/10/2014 3:00:00 PM"
3.16,5.11,"12/10/2014 3:00:00 PM"
3.02,4.82,"12/10/2014 3:30:00 PM"
3.03,4.86,"12/11/2014 10:00:00 AM"
3.13,5.1,"12/11/2014 10:00:00 AM"
3.13,5.1,"12/11/2014 10:00:00 AM"
3.16,5.07,"12/11/2014 3:30:00 PM"
3.16,5.07,"12/11/2014 3:30:00 PM"
3.29,5.33,"12/11/2014 3:30:00 PM"
3.29,5.33,"12/11/2014 3:30:00 PM"
3.18,5.11,"12/12/2014 10:00:00 AM"
3.26,5.32,"12/12/2014 10:00:00 AM"
3.26,5.32,"12/12/2014 10:00:00 AM"
3.2,5.11,"12/12/2014 3:30:00 PM"
3.44,5.45,"12/12/2014 3:30:00 PM"
3.44,5.45,"12/12/2014 3:30:00 PM"
0.339,0.461,"12/16/2014 2:30:00 PM"
0.339,0.461,"12/16/2014 2:30:00 PM"
0.339,0.461,"12/16/2014 2:30:00 PM"
0.341,0.468,"12/16/2014 2:30:00 PM"
0.341,0.468,"12/16/2014 2:30:00 PM"
0.339,0.461,"12/16/2014 3:30:00 PM"
0.355,0.487,"12/17/2014 10:00:00 AM"
0.353,0.485,"12/17/2014 9:00:00 AM"
0.353,0.485,"12/17/2014 9:00:00 AM"
0.355,0.487,"12/17/2014 9:00:00 AM"
0.355,0.487,"12/17/2014 9:00:00 AM"
0.355,0.487,"12/17/2014 9:00:00 AM"
0.369,0.505,"12/18/2014 10:00:00 AM"
0.371,0.506,"12/18/2014 10:00:00 AM"
0.369,0.505,"12/18/2014 9:00:00 AM"
0.369,0.505,"12/18/2014 9:00:00 AM"
0.371,0.506,"12/18/2014 9:00:00 AM"
0.371,0.506,"12/18/2014 9:00:00 AM"
0.371,0.506,"12/18/2014 9:00:00 AM"
0.423,0.589,"12/19/2014 10:00:00 AM"
0.426,0.592,"12/19/2014 10:00:00 AM"
0.423,0.589,"12/19/2014 9:00:00 AM"
0.423,0.589,"12/19/2014 9:00:00 AM"
0.426,0.592,"12/19/2014 9:00:00 AM"
0.426,0.592,"12/19/2014 9:00:00 AM"
0.426,0.592,"12/19/2014 9:00:00 AM"
1.88,3.06,"12/2/2014 3:30:00 PM"
1.84,3,"12/2/2014 3:30:00 PM"
1.84,3,"12/2/2014 3:30:00 PM"
0.528,0,"12/22/2014 10:00:00 AM"
0.528,0,"12/22/2014 10:00:00 AM"
0.528,0,"12/22/2014 10:00:00 AM"
0.515,0,"12/22/2014 10:00:00 AM"
0.515,0,"12/22/2014 10:00:00 AM"
0.528,0,"12/22/2014 11:00:00 AM"
0.541,0.779,"12/23/2014 10:00:00 AM"
0.553,0.796,"12/23/2014 10:00:00 AM"
0.541,0.779,"12/23/2014 9:00:00 AM"
0.541,0.779,"12/23/2014 9:00:00 AM"
0.553,0.796,"12/23/2014 9:00:00 AM"
0.553,0.796,"12/23/2014 9:00:00 AM"
0.553,0.796,"12/23/2014 9:00:00 AM"
0.577,0.782,"12/24/2014 10:00:00 AM"
"NA","NA","12/24/2014 9:00:00 AM"
"NA","NA","12/24/2014 9:00:00 AM"
"NA","NA","12/24/2014 9:00:00 AM"
"NA","NA","12/24/2014 9:00:00 AM"
"NA","NA","12/24/2014 9:00:00 AM"
0.678,0.916,"12/26/2014 11:30:00 AM"
0.678,0.916,"12/26/2014 11:30:00 AM"
0.701,1,"12/26/2014 11:30:00 AM"
0.701,1,"12/26/2014 11:30:00 AM"
0.701,1,"12/26/2014 11:30:00 AM"
0.678,0.916,"12/26/2014 12:30:00 PM"
0.701,1,"12/26/2014 12:30:00 PM"
0.544,0.763,"12/27/2014 1:00:00 PM"
0.548,0.77,"12/27/2014 1:00:00 PM"
0.544,0.763,"12/27/2014 12:00:00 PM"
0.544,0.763,"12/27/2014 12:00:00 PM"
0.544,0.763,"12/27/2014 12:00:00 PM"
0.548,0.77,"12/27/2014 12:00:00 PM"
0.548,0.77,"12/27/2014 12:00:00 PM"
0.533,0.747,"12/29/2014 10:00:00 AM"
0.541,0.762,"12/29/2014 10:00:00 AM"
0.541,0.762,"12/29/2014 9:00:00 AM"
0.541,0.762,"12/29/2014 9:00:00 AM"
0.533,0.747,"12/29/2014 9:00:00 AM"
0.541,0.762,"12/29/2014 9:00:00 AM"
0.533,0.747,"12/29/2014 9:00:00 AM"
1.82,3.01,"12/3/2014 10:00:00 AM"
1.86,3.02,"12/3/2014 10:00:00 AM"
1.86,3.02,"12/3/2014 10:00:00 AM"
1.99,3.25,"12/3/2014 3:30:00 PM"
2,3.27,"12/3/2014 3:30:00 PM"
2,3.27,"12/3/2014 3:30:00 PM"
0.596,0.833,"12/30/2014 10:00:00 AM"
0.607,0.847,"12/30/2014 10:00:00 AM"
0.596,0.833,"12/30/2014 9:00:00 AM"
0.596,0.833,"12/30/2014 9:00:00 AM"
0.607,0.847,"12/30/2014 9:00:00 AM"
0.607,0.847,"12/30/2014 9:00:00 AM"
0.607,0.847,"12/30/2014 9:00:00 AM"
0.611,0.861,"12/31/2014 10:00:00 AM"
0.628,0.888,"12/31/2014 10:00:00 AM"
0.611,0.861,"12/31/2014 9:00:00 AM"
0.611,0.861,"12/31/2014 9:00:00 AM"
0.628,0.888,"12/31/2014 9:00:00 AM"
0.628,0.888,"12/31/2014 9:00:00 AM"
0.628,0.888,"12/31/2014 9:00:00 AM"
1.96,3.19,"12/4/2014 10:00:00 AM"
2.03,3.31,"12/4/2014 10:00:00 AM"
2.03,3.31,"12/4/2014 10:00:00 AM"
2.13,3.51,"12/4/2014 3:30:00 PM"
2.13,3.51,"12/4/2014 3:30:00 PM"
2.15,3.53,"12/4/2014 3:30:00 PM"
2.12,3.52,"12/5/2014 1:00:00 AM"
2.17,3.58,"12/5/2014 10:00:00 AM"
2.17,3.58,"12/5/2014 10:00:00 AM"
2.38,3.88,"12/5/2014 3:30:00 PM"
2.36,3.89,"12/5/2014 3:30:00 PM"
2.36,3.89,"12/5/2014 3:30:00 PM"
"NA","NA","12/6/2014 10:00:00 AM"
"NA","NA","12/7/2014 10:00:00 AM"
"NA","NA","12/7/2014 10:00:00 AM"
"NA","NA","12/7/2014 10:00:00 AM"
2.73,4.45,"12/8/2014 10:00:00 AM"
2.73,4.45,"12/8/2014 10:00:00 AM"
2.67,4.3,"12/8/2014 10:00:00 AM"
2.81,4.54,"12/8/2014 10:00:00 AM"
2.74,4.47,"12/8/2014 3:30:00 PM"
2.82,4.63,"12/8/2014 3:30:00 PM"
2.82,4.63,"12/8/2014 3:30:00 PM"
2.87,4.69,"12/9/2014 10:00:00 AM"
2.87,4.69,"12/9/2014 10:00:00 AM"
2.86,4.7,"12/9/2014 3:30:00 PM"
2.98,4.88,"12/9/2014 3:30:00 PM"
2.98,4.88,"12/9/2014 3:30:00 PM"
"NA","NA","2/1/2015 9:00:00 AM"
"NA","NA","2/1/2015 9:00:00 AM"
"NA","NA","2/1/2015 9:00:00 AM"
"NA","NA","2/1/2015 9:00:00 AM"
"NA","NA","2/1/2015 9:00:00 AM"
"NA","NA","2/1/2015 9:00:00 AM"
1.297,1.815,"2/10/2015 10:00:00 AM"
1.374,1.916,"2/10/2015 10:00:00 AM"
1.582,2.295,"2/10/2015 10:00:00 AM"
2.49,2.49,"2/10/2015 12:00:00 AM"
2.724,2.724,"2/10/2015 12:00:00 AM"
2.718,2.718,"2/10/2015 12:00:00 AM"
3.06,3.06,"2/10/2015 12:00:00 AM"
0.68,1.04,"2/10/2015 2:30:00 PM"
0.84,1.27,"2/10/2015 2:30:00 PM"
0.89,1.36,"2/10/2015 2:30:00 PM"
1.79,2.91,"2/10/2015 2:30:00 PM"
1.83,2.98,"2/10/2015 2:30:00 PM"
1.92,3.12,"2/10/2015 2:30:00 PM"
0.49,0.8,"2/10/2015 9:00:00 AM"
0.68,1.06,"2/10/2015 9:00:00 AM"
0.63,1.08,"2/10/2015 9:00:00 AM"
1.6,2.63,"2/10/2015 9:00:00 AM"
1.39,2.35,"2/10/2015 9:00:00 AM"
1.59,2.65,"2/10/2015 9:00:00 AM"
1.297,1.815,"2/10/2015 9:00:00 AM"
1.297,1.815,"2/10/2015 9:00:00 AM"
1.374,1.916,"2/10/2015 9:00:00 AM"
1.374,1.916,"2/10/2015 9:00:00 AM"
1.374,1.916,"2/10/2015 9:00:00 AM"
1.582,2.295,"2/10/2015 9:00:00 AM"
1.582,2.295,"2/10/2015 9:00:00 AM"
1.306,1.802,"2/11/2015 10:00:00 AM"
1.417,1.969,"2/11/2015 10:00:00 AM"
1.637,2.381,"2/11/2015 10:00:00 AM"
2.574,2.574,"2/11/2015 12:00:00 AM"
2.814,2.814,"2/11/2015 12:00:00 AM"
2.766,2.766,"2/11/2015 12:00:00 AM"
3.078,3.078,"2/11/2015 12:00:00 AM"
0.7,1.05,"2/11/2015 2:30:00 PM"
0.91,1.36,"2/11/2015 2:30:00 PM"
0.88,1.41,"2/11/2015 2:30:00 PM"
1.86,3.11,"2/11/2015 2:30:00 PM"
2.01,3.29,"2/11/2015 2:30:00 PM"
2.13,3.48,"2/11/2015 2:30:00 PM"
0.66,1.02,"2/11/2015 9:00:00 AM"
1.306,1.802,"2/11/2015 9:00:00 AM"
1.306,1.802,"2/11/2015 9:00:00 AM"
0.79,1.27,"2/11/2015 9:00:00 AM"
1.417,1.969,"2/11/2015 9:00:00 AM"
1.417,1.969,"2/11/2015 9:00:00 AM"
1.417,1.969,"2/11/2015 9:00:00 AM"
0.83,1.37,"2/11/2015 9:00:00 AM"
1.637,2.381,"2/11/2015 9:00:00 AM"
1.637,2.381,"2/11/2015 9:00:00 AM"
1.9,3.13,"2/11/2015 9:00:00 AM"
1.72,2.84,"2/11/2015 9:00:00 AM"
1.9,3.14,"2/11/2015 9:00:00 AM"
1.447,2.048,"2/12/2015 10:00:00 AM"
1.547,2.2,"2/12/2015 10:00:00 AM"
1.775,2.7,"2/12/2015 10:00:00 AM"
2.682,2.682,"2/12/2015 12:00:00 AM"
2.844,2.844,"2/12/2015 12:00:00 AM"
2.928,2.928,"2/12/2015 12:00:00 AM"
3.138,3.138,"2/12/2015 12:00:00 AM"
0.73,1.11,"2/12/2015 2:30:00 PM"
0.9,1.38,"2/12/2015 2:30:00 PM"
0.87,1.4,"2/12/2015 2:30:00 PM"
2.01,3.31,"2/12/2015 2:30:00 PM"
2.09,3.41,"2/12/2015 2:30:00 PM"
2.22,3.61,"2/12/2015 2:30:00 PM"
0.67,1.04,"2/12/2015 9:00:00 AM"
0.81,1.27,"2/12/2015 9:00:00 AM"
0.85,1.39,"2/12/2015 9:00:00 AM"
1.82,3.02,"2/12/2015 9:00:00 AM"
1.98,3.28,"2/12/2015 9:00:00 AM"
2.05,3.38,"2/12/2015 9:00:00 AM"
1.447,2.048,"2/12/2015 9:00:00 AM"
1.447,2.048,"2/12/2015 9:00:00 AM"
1.547,2.2,"2/12/2015 9:00:00 AM"
1.547,2.2,"2/12/2015 9:00:00 AM"
1.547,2.2,"2/12/2015 9:00:00 AM"
1.775,2.7,"2/12/2015 9:00:00 AM"
1.775,2.7,"2/12/2015 9:00:00 AM"
1.503,1.933,"2/13/2015 10:00:00 AM"
1.61,2.065,"2/13/2015 10:00:00 AM"
2.073,2.75,"2/13/2015 10:00:00 AM"
2.59,2.59,"2/13/2015 12:00:00 AM"
3.06,3.06,"2/13/2015 12:00:00 AM"
2.77,2.77,"2/13/2015 12:00:00 AM"
3.5,3.5,"2/13/2015 12:00:00 AM"
0.68,1.01,"2/13/2015 2:30:00 PM"
1,1.54,"2/13/2015 2:30:00 PM"
1.01,1.57,"2/13/2015 2:30:00 PM"
2.23,3.68,"2/13/2015 2:30:00 PM"
2.22,3.69,"2/13/2015 2:30:00 PM"
2.44,4.01,"2/13/2015 2:30:00 PM"
0.75,1.11,"2/13/2015 9:00:00 AM"
1.503,1.933,"2/13/2015 9:00:00 AM"
0.91,1.43,"2/13/2015 9:00:00 AM"
1.503,1.933,"2/13/2015 9:00:00 AM"
1.61,2.065,"2/13/2015 9:00:00 AM"
1.61,2.065,"2/13/2015 9:00:00 AM"
1.61,2.065,"2/13/2015 9:00:00 AM"
0.92,1.45,"2/13/2015 9:00:00 AM"
2.073,2.75,"2/13/2015 9:00:00 AM"
2.073,2.75,"2/13/2015 9:00:00 AM"
2.19,3.56,"2/13/2015 9:00:00 AM"
2.01,3.29,"2/13/2015 9:00:00 AM"
2.22,3.63,"2/13/2015 9:00:00 AM"
1.457,2.039,"2/14/2015 10:00:00 AM"
1.567,2.183,"2/14/2015 10:00:00 AM"
1.986,2.724,"2/14/2015 10:00:00 AM"
"NA","NA","2/14/2015 9:00:00 AM"
"NA","NA","2/14/2015 9:00:00 AM"
"NA","NA","2/14/2015 9:00:00 AM"
"NA","NA","2/14/2015 9:00:00 AM"
"NA","NA","2/14/2015 9:00:00 AM"
"NA","NA","2/14/2015 9:00:00 AM"
1.457,2.039,"2/14/2015 9:00:00 AM"
1.457,2.039,"2/14/2015 9:00:00 AM"
1.567,2.183,"2/14/2015 9:00:00 AM"
1.567,2.183,"2/14/2015 9:00:00 AM"
1.567,2.183,"2/14/2015 9:00:00 AM"
1.986,2.724,"2/14/2015 9:00:00 AM"
1.986,2.724,"2/14/2015 9:00:00 AM"
0.794,1.154,"2/15/2015 2:00:00 PM"
0.794,1.154,"2/15/2015 2:00:00 PM"
0.794,1.154,"2/15/2015 3:00:00 PM"
"NA","NA","2/15/2015 9:00:00 AM"
"NA","NA","2/15/2015 9:00:00 AM"
"NA","NA","2/15/2015 9:00:00 AM"
"NA","NA","2/15/2015 9:00:00 AM"
"NA","NA","2/15/2015 9:00:00 AM"
"NA","NA","2/15/2015 9:00:00 AM"
0.985,1.267,"2/16/2015 10:20:00 AM"
1.663,2.07,"2/16/2015 10:20:00 AM"
1.803,2.223,"2/16/2015 10:20:00 AM"
3.01,3.01,"2/16/2015 12:00:00 AM"
3.18,3.18,"2/16/2015 12:00:00 AM"
3.27,3.27,"2/16/2015 12:00:00 AM"
3.23,3.23,"2/16/2015 12:00:00 AM"
1.01,1.55,"2/16/2015 2:30:00 PM"
1.22,1.85,"2/16/2015 2:30:00 PM"
1.25,1.96,"2/16/2015 2:30:00 PM"
2.62,4.36,"2/16/2015 2:30:00 PM"
2.74,4.62,"2/16/2015 2:30:00 PM"
2.76,4.63,"2/16/2015 2:30:00 PM"
0.94,1.44,"2/16/2015 9:00:00 AM"
1.14,1.77,"2/16/2015 9:00:00 AM"
1.18,1.86,"2/16/2015 9:00:00 AM"
2.44,4,"2/16/2015 9:00:00 AM"
2.68,4.44,"2/16/2015 9:00:00 AM"
2.66,4.41,"2/16/2015 9:00:00 AM"
0.985,1.267,"2/16/2015 9:20:00 AM"
0.985,1.267,"2/16/2015 9:20:00 AM"
1.663,2.07,"2/16/2015 9:20:00 AM"
1.663,2.07,"2/16/2015 9:20:00 AM"
1.803,2.223,"2/16/2015 9:20:00 AM"
1.803,2.223,"2/16/2015 9:20:00 AM"
1.803,2.223,"2/16/2015 9:20:00 AM"
1.102,1.471,"2/17/2015 10:00:00 AM"
1.745,2.178,"2/17/2015 10:00:00 AM"
1.86,2.295,"2/17/2015 10:00:00 AM"
3.1,3.1,"2/17/2015 12:00:00 AM"
3.3,3.3,"2/17/2015 12:00:00 AM"
3.33,3.33,"2/17/2015 12:00:00 AM"
3.45,3.45,"2/17/2015 12:00:00 AM"
0.93,1.48,"2/17/2015 2:30:00 PM"
1.19,1.84,"2/17/2015 2:30:00 PM"
1.22,1.94,"2/17/2015 2:30:00 PM"
2.64,4.42,"2/17/2015 2:30:00 PM"
2.83,4.8,"2/17/2015 2:30:00 PM"
2.88,4.84,"2/17/2015 2:30:00 PM"
0.89,1.42,"2/17/2015 9:00:00 AM"
1.24,1.87,"2/17/2015 9:00:00 AM"
1.12,1.79,"2/17/2015 9:00:00 AM"
2.59,4.26,"2/17/2015 9:00:00 AM"
2.94,4.84,"2/17/2015 9:00:00 AM"
2.8,4.64,"2/17/2015 9:00:00 AM"
1.102,1.471,"2/17/2015 9:00:00 AM"
1.102,1.471,"2/17/2015 9:00:00 AM"
1.745,2.178,"2/17/2015 9:00:00 AM"
1.745,2.178,"2/17/2015 9:00:00 AM"
1.86,2.295,"2/17/2015 9:00:00 AM"
1.86,2.295,"2/17/2015 9:00:00 AM"
1.86,2.295,"2/17/2015 9:00:00 AM"
1.192,1.597,"2/18/2015 10:00:00 AM"
1.78,2.228,"2/18/2015 10:00:00 AM"
1.863,2.29,"2/18/2015 10:00:00 AM"
2.99,2.99,"2/18/2015 12:00:00 AM"
3.09,3.09,"2/18/2015 12:00:00 AM"
3.28,3.28,"2/18/2015 12:00:00 AM"
3.39,3.39,"2/18/2015 12:00:00 AM"
0.82,1.53,"2/18/2015 2:30:00 PM"
0.88,1.56,"2/18/2015 2:30:00 PM"
0.77,1.41,"2/18/2015 2:30:00 PM"
0.7,1.31,"2/18/2015 2:30:00 PM"
0.91,1.58,"2/18/2015 2:30:00 PM"
0.95,1.63,"2/18/2015 2:30:00 PM"
1.192,1.597,"2/18/2015 9:00:00 AM"
1.192,1.597,"2/18/2015 9:00:00 AM"
1.78,2.228,"2/18/2015 9:00:00 AM"
1.78,2.228,"2/18/2015 9:00:00 AM"
1.863,2.29,"2/18/2015 9:00:00 AM"
1.863,2.29,"2/18/2015 9:00:00 AM"
1.863,2.29,"2/18/2015 9:00:00 AM"
1.332,1.859,"2/19/2015 10:00:00 AM"
1.868,2.31,"2/19/2015 10:00:00 AM"
1.973,2.435,"2/19/2015 10:00:00 AM"
3.03,3.03,"2/19/2015 12:00:00 AM"
3.14,3.14,"2/19/2015 12:00:00 AM"
3.2,3.2,"2/19/2015 12:00:00 AM"
3.6,3.6,"2/19/2015 12:00:00 AM"
"NA","NA","2/19/2015 2:30:00 PM"
"NA","NA","2/19/2015 2:30:00 PM"
"NA","NA","2/19/2015 2:30:00 PM"
1.21,1.99,"2/19/2015 2:30:00 PM"
1.27,2.07,"2/19/2015 2:30:00 PM"
1.32,2.13,"2/19/2015 2:30:00 PM"
1.07,1.79,"2/19/2015 9:00:00 AM"
1.08,1.73,"2/19/2015 9:00:00 AM"
1.17,1.89,"2/19/2015 9:00:00 AM"
0.89,1.37,"2/19/2015 9:00:00 AM"
1.14,1.8,"2/19/2015 9:00:00 AM"
1.21,1.81,"2/19/2015 9:00:00 AM"
1.332,1.859,"2/19/2015 9:00:00 AM"
1.332,1.859,"2/19/2015 9:00:00 AM"
1.868,2.31,"2/19/2015 9:00:00 AM"
1.868,2.31,"2/19/2015 9:00:00 AM"
1.973,2.435,"2/19/2015 9:00:00 AM"
1.973,2.435,"2/19/2015 9:00:00 AM"
1.973,2.435,"2/19/2015 9:00:00 AM"
0.79,1.174,"2/2/2015 1:30:00 PM"
0.79,1.174,"2/2/2015 1:30:00 PM"
0.824,1.214,"2/2/2015 1:30:00 PM"
0.824,1.214,"2/2/2015 1:30:00 PM"
0.824,1.214,"2/2/2015 1:30:00 PM"
0.88,1.282,"2/2/2015 1:30:00 PM"
0.88,1.282,"2/2/2015 1:30:00 PM"
0.728,1.094,"2/2/2015 10:00:00 AM"
0.759,1.124,"2/2/2015 10:00:00 AM"
0.784,1.152,"2/2/2015 10:00:00 AM"
0.849,0.849,"2/2/2015 12:00:00 AM"
1.005,1.005,"2/2/2015 12:00:00 AM"
0.954,0.954,"2/2/2015 12:00:00 AM"
1.974,1.974,"2/2/2015 12:00:00 AM"
0.79,1.174,"2/2/2015 2:30:00 PM"
0.824,1.214,"2/2/2015 2:30:00 PM"
0.88,1.282,"2/2/2015 2:30:00 PM"
1.02,1.61,"2/2/2015 2:30:00 PM"
1.23,2,"2/2/2015 2:30:00 PM"
1.22,2.02,"2/2/2015 2:30:00 PM"
1.87,3.11,"2/2/2015 2:30:00 PM"
1.89,3.12,"2/2/2015 2:30:00 PM"
2.07,3.41,"2/2/2015 2:30:00 PM"
0.889,1.336,"2/2/2015 3:00:00 PM"
0.889,1.336,"2/2/2015 3:00:00 PM"
0.889,1.336,"2/2/2015 4:00:00 PM"
0.728,1.094,"2/2/2015 9:00:00 AM"
0.728,1.094,"2/2/2015 9:00:00 AM"
0.784,1.152,"2/2/2015 9:00:00 AM"
0.784,1.152,"2/2/2015 9:00:00 AM"
0.784,1.152,"2/2/2015 9:00:00 AM"
0.759,1.124,"2/2/2015 9:00:00 AM"
0.759,1.124,"2/2/2015 9:00:00 AM"
0.94,1.54,"2/2/2015 9:00:00 AM"
1.09,1.84,"2/2/2015 9:00:00 AM"
1.17,1.89,"2/2/2015 9:00:00 AM"
1.79,2.94,"2/2/2015 9:00:00 AM"
1.88,3.02,"2/2/2015 9:00:00 AM"
2.02,3.26,"2/2/2015 9:00:00 AM"
1.46,2.069,"2/20/2015 10:00:00 AM"
1.765,2.165,"2/20/2015 10:00:00 AM"
1.883,2.315,"2/20/2015 10:00:00 AM"
3.51,3.51,"2/20/2015 12:00:00 AM"
0.36,0.57,"2/20/2015 2:30:00 PM"
0.66,0.42,"2/20/2015 2:30:00 PM"
0.44,0.7,"2/20/2015 2:30:00 PM"
1.4,2.32,"2/20/2015 2:30:00 PM"
1.45,2.38,"2/20/2015 2:30:00 PM"
1.48,2.42,"2/20/2015 2:30:00 PM"
0.64,0.42,"2/20/2015 9:00:00 AM"
0.39,0.6,"2/20/2015 9:00:00 AM"
0.47,0.7,"2/20/2015 9:00:00 AM"
1.31,2.11,"2/20/2015 9:00:00 AM"
1.46,2.069,"2/20/2015 9:00:00 AM"
1.46,2.069,"2/20/2015 9:00:00 AM"
1.28,2.13,"2/20/2015 9:00:00 AM"
1.38,2.24,"2/20/2015 9:00:00 AM"
1.765,2.165,"2/20/2015 9:00:00 AM"
1.765,2.165,"2/20/2015 9:00:00 AM"
1.883,2.315,"2/20/2015 9:00:00 AM"
1.883,2.315,"2/20/2015 9:00:00 AM"
1.883,2.315,"2/20/2015 9:00:00 AM"
"NA","NA","2/21/2015 1:30:00 PM"
1.756,2.242,"2/21/2015 10:00:00 AM"
1.848,2.348,"2/21/2015 10:00:00 AM"
1.973,2.502,"2/21/2015 10:00:00 AM"
0.53,0.675,"2/21/2015 2:00:00 PM"
0.53,0.675,"2/21/2015 2:00:00 PM"
0.53,0.675,"2/21/2015 2:00:00 PM"
0.572,0.701,"2/21/2015 2:00:00 PM"
0.572,0.701,"2/21/2015 2:00:00 PM"
"NA","NA","2/21/2015 2:30:00 PM"
"NA","NA","2/21/2015 2:30:00 PM"
"NA","NA","2/21/2015 2:30:00 PM"
0.53,0.675,"2/21/2015 3:00:00 PM"
0.572,0.701,"2/21/2015 3:00:00 PM"
"NA","NA","2/21/2015 9:00:00 AM"
"NA","NA","2/21/2015 9:00:00 AM"
"NA","NA","2/21/2015 9:00:00 AM"
0.73,0.47,"2/21/2015 9:00:00 AM"
0.44,0.65,"2/21/2015 9:00:00 AM"
0.52,0.77,"2/21/2015 9:00:00 AM"
1.756,2.242,"2/21/2015 9:00:00 AM"
1.756,2.242,"2/21/2015 9:00:00 AM"
1.848,2.348,"2/21/2015 9:00:00 AM"
1.848,2.348,"2/21/2015 9:00:00 AM"
1.973,2.502,"2/21/2015 9:00:00 AM"
1.973,2.502,"2/21/2015 9:00:00 AM"
1.973,2.502,"2/21/2015 9:00:00 AM"
"NA","NA","2/22/2015 2:30:00 PM"
"NA","NA","2/22/2015 2:30:00 PM"
"NA","NA","2/22/2015 2:30:00 PM"
"NA","NA","2/22/2015 9:00:00 AM"
"NA","NA","2/22/2015 9:00:00 AM"
"NA","NA","2/22/2015 9:00:00 AM"
0.619,0.784,"2/23/2015 10:00:00 AM"
0.653,0.839,"2/23/2015 10:00:00 AM"
1.599,2.291,"2/23/2015 10:00:00 AM"
0.619,0.784,"2/23/2015 9:00:00 AM"
0.619,0.784,"2/23/2015 9:00:00 AM"
0.653,0.839,"2/23/2015 9:00:00 AM"
0.653,0.839,"2/23/2015 9:00:00 AM"
0.653,0.839,"2/23/2015 9:00:00 AM"
1.599,2.291,"2/23/2015 9:00:00 AM"
1.599,2.291,"2/23/2015 9:00:00 AM"
0.732,0.97,"2/24/2015 10:00:00 AM"
0.765,1.028,"2/24/2015 10:00:00 AM"
1.965,2.568,"2/24/2015 10:00:00 AM"
0.732,0.97,"2/24/2015 9:00:00 AM"
0.732,0.97,"2/24/2015 9:00:00 AM"
0.765,1.028,"2/24/2015 9:00:00 AM"
0.765,1.028,"2/24/2015 9:00:00 AM"
0.765,1.028,"2/24/2015 9:00:00 AM"
1.965,2.568,"2/24/2015 9:00:00 AM"
1.965,2.568,"2/24/2015 9:00:00 AM"
0.838,1.058,"2/25/2015 10:00:00 AM"
0.89,1.126,"2/25/2015 10:00:00 AM"
2.02,2.613,"2/25/2015 10:00:00 AM"
2.26,2.903,"2/25/2015 2:10:00 PM"
2.26,2.903,"2/25/2015 2:10:00 PM"
1.92,3.11,"2/25/2015 2:30:00 PM"
1.94,3.13,"2/25/2015 2:30:00 PM"
2.02,3.22,"2/25/2015 2:30:00 PM"
2.26,2.903,"2/25/2015 3:10:00 PM"
0.837,1.173,"2/25/2015 3:25:00 PM"
0.837,1.173,"2/25/2015 3:25:00 PM"
0.838,1.058,"2/25/2015 9:00:00 AM"
0.838,1.058,"2/25/2015 9:00:00 AM"
0.89,1.126,"2/25/2015 9:00:00 AM"
0.89,1.126,"2/25/2015 9:00:00 AM"
0.89,1.126,"2/25/2015 9:00:00 AM"
2.02,2.613,"2/25/2015 9:00:00 AM"
2.02,2.613,"2/25/2015 9:00:00 AM"
0.915,1.153,"2/26/2015 10:00:00 AM"
0.967,1.223,"2/26/2015 10:00:00 AM"
0.53,0.83,"2/26/2015 2:30:00 PM"
0.59,0.91,"2/26/2015 2:30:00 PM"
0.38,0.58,"2/26/2015 2:30:00 PM"
1.99,3.25,"2/26/2015 2:30:00 PM"
2.08,3.33,"2/26/2015 2:30:00 PM"
2.1,3.42,"2/26/2015 2:30:00 PM"
0.62,0.89,"2/26/2015 9:00:00 AM"
0.63,0.95,"2/26/2015 9:00:00 AM"
0.64,0.92,"2/26/2015 9:00:00 AM"
1.84,3.03,"2/26/2015 9:00:00 AM"
1.92,3.15,"2/26/2015 9:00:00 AM"
2.07,3.29,"2/26/2015 9:00:00 AM"
0.915,1.153,"2/26/2015 9:00:00 AM"
0.915,1.153,"2/26/2015 9:00:00 AM"
0.932,1.221,"2/26/2015 9:00:00 AM"
0.932,1.221,"2/26/2015 9:00:00 AM"
0.967,1.223,"2/26/2015 9:00:00 AM"
0.967,1.223,"2/26/2015 9:00:00 AM"
0.967,1.223,"2/26/2015 9:00:00 AM"
0.6,0.89,"2/27/2015 9:00:00 AM"
0.6,0.9,"2/27/2015 9:00:00 AM"
0.64,0.94,"2/27/2015 9:00:00 AM"
0.912,1.161,"2/27/2015 9:00:00 AM"
0.912,1.161,"2/27/2015 9:00:00 AM"
0.926,1.189,"2/27/2015 9:00:00 AM"
0.926,1.189,"2/27/2015 9:00:00 AM"
0.943,1.194,"2/27/2015 9:00:00 AM"
0.865,1.115,"2/28/2015 9:00:00 AM"
0.865,1.115,"2/28/2015 9:00:00 AM"
1.07,1.385,"2/28/2015 9:00:00 AM"
1.07,1.385,"2/28/2015 9:00:00 AM"
1.07,1.385,"2/28/2015 9:00:00 AM"
1.08,1.387,"2/28/2015 9:00:00 AM"
1.08,1.387,"2/28/2015 9:00:00 AM"
0.914,1.246,"2/3/2015 10:00:00 AM"
0.994,1.358,"2/3/2015 10:00:00 AM"
0.999,1.375,"2/3/2015 10:00:00 AM"
1.161,1.161,"2/3/2015 12:00:00 AM"
1.272,1.272,"2/3/2015 12:00:00 AM"
1.395,1.395,"2/3/2015 12:00:00 AM"
2.202,2.202,"2/3/2015 12:00:00 AM"
1.15,1.76,"2/3/2015 2:30:00 PM"
1.24,2.03,"2/3/2015 2:30:00 PM"
1.29,2.09,"2/3/2015 2:30:00 PM"
2,3.27,"2/3/2015 2:30:00 PM"
1.99,3.32,"2/3/2015 2:30:00 PM"
2.21,3.63,"2/3/2015 2:30:00 PM"
0.97,1.6,"2/3/2015 9:00:00 AM"
1.8,2.98,"2/3/2015 9:00:00 AM"
1.09,1.83,"2/3/2015 9:00:00 AM"
1.18,1.95,"2/3/2015 9:00:00 AM"
1.98,3.21,"2/3/2015 9:00:00 AM"
2.02,3.34,"2/3/2015 9:00:00 AM"
0.914,1.246,"2/3/2015 9:00:00 AM"
0.914,1.246,"2/3/2015 9:00:00 AM"
0.994,1.358,"2/3/2015 9:00:00 AM"
0.994,1.358,"2/3/2015 9:00:00 AM"
0.994,1.358,"2/3/2015 9:00:00 AM"
0.999,1.375,"2/3/2015 9:00:00 AM"
0.999,1.375,"2/3/2015 9:00:00 AM"
0.939,1.251,"2/4/2015 10:00:00 AM"
1.038,1.384,"2/4/2015 10:00:00 AM"
1.16,1.618,"2/4/2015 10:00:00 AM"
0.72,1.14,"2/4/2015 11:30:00 AM"
0.72,1.18,"2/4/2015 11:30:00 AM"
0.77,1.25,"2/4/2015 11:30:00 AM"
1.17,1.83,"2/4/2015 11:30:00 AM"
1.36,2.17,"2/4/2015 11:30:00 AM"
1.38,2.21,"2/4/2015 11:30:00 AM"
1.524,1.524,"2/4/2015 12:00:00 AM"
1.395,1.395,"2/4/2015 12:00:00 AM"
1.257,1.257,"2/4/2015 12:00:00 AM"
2.238,2.238,"2/4/2015 12:00:00 AM"
1.08,1.75,"2/4/2015 2:30:00 PM"
1.29,2.1,"2/4/2015 2:30:00 PM"
1.32,2.16,"2/4/2015 2:30:00 PM"
0.79,1.25,"2/4/2015 2:30:00 PM"
0.8,1.26,"2/4/2015 2:30:00 PM"
0.87,1.39,"2/4/2015 2:30:00 PM"
0.939,1.251,"2/4/2015 9:00:00 AM"
0.939,1.251,"2/4/2015 9:00:00 AM"
1.038,1.384,"2/4/2015 9:00:00 AM"
1.038,1.384,"2/4/2015 9:00:00 AM"
1.038,1.384,"2/4/2015 9:00:00 AM"
1.16,1.618,"2/4/2015 9:00:00 AM"
1.16,1.618,"2/4/2015 9:00:00 AM"
1,1.66,"2/4/2015 9:00:00 AM"
1.13,1.91,"2/4/2015 9:00:00 AM"
1.17,1.97,"2/4/2015 9:00:00 AM"
1.93,3.24,"2/4/2015 9:00:00 AM"
2.05,3.36,"2/4/2015 9:00:00 AM"
2.16,3.57,"2/4/2015 9:00:00 AM"
1.042,1.408,"2/5/2015 10:00:00 AM"
1.045,1.419,"2/5/2015 10:00:00 AM"
1.094,1.481,"2/5/2015 10:00:00 AM"
1.5,1.5,"2/5/2015 12:00:00 AM"
1.674,1.674,"2/5/2015 12:00:00 AM"
1.782,1.782,"2/5/2015 12:00:00 AM"
2.274,2.274,"2/5/2015 12:00:00 AM"
0.37,0.61,"2/5/2015 2:30:00 PM"
0.44,0.71,"2/5/2015 2:30:00 PM"
0.47,0.74,"2/5/2015 2:30:00 PM"
0.82,1.35,"2/5/2015 2:30:00 PM"
0.86,1.39,"2/5/2015 2:30:00 PM"
0.9,1.5,"2/5/2015 2:30:00 PM"
0.36,0.58,"2/5/2015 9:00:00 AM"
0.36,0.62,"2/5/2015 9:00:00 AM"
0.44,0.73,"2/5/2015 9:00:00 AM"
0.73,1.22,"2/5/2015 9:00:00 AM"
0.8,1.29,"2/5/2015 9:00:00 AM"
0.84,1.39,"2/5/2015 9:00:00 AM"
1.042,1.408,"2/5/2015 9:00:00 AM"
1.042,1.408,"2/5/2015 9:00:00 AM"
1.045,1.419,"2/5/2015 9:00:00 AM"
1.045,1.419,"2/5/2015 9:00:00 AM"
1.094,1.481,"2/5/2015 9:00:00 AM"
1.094,1.481,"2/5/2015 9:00:00 AM"
1.094,1.481,"2/5/2015 9:00:00 AM"
1.121,1.512,"2/6/2015 10:00:00 AM"
1.178,1.607,"2/6/2015 10:00:00 AM"
1.225,1.668,"2/6/2015 10:00:00 AM"
1.698,1.698,"2/6/2015 12:00:00 AM"
1.926,1.926,"2/6/2015 12:00:00 AM"
1.95,1.95,"2/6/2015 12:00:00 AM"
2.382,2.382,"2/6/2015 12:00:00 AM"
0.49,0.73,"2/6/2015 2:30:00 PM"
0.49,0.75,"2/6/2015 2:30:00 PM"
0.56,0.86,"2/6/2015 2:30:00 PM"
0.95,1.56,"2/6/2015 2:30:00 PM"
0.97,1.55,"2/6/2015 2:30:00 PM"
1.1,1.75,"2/6/2015 2:30:00 PM"
1.121,1.512,"2/6/2015 9:00:00 AM"
1.121,1.512,"2/6/2015 9:00:00 AM"
1.178,1.607,"2/6/2015 9:00:00 AM"
1.178,1.607,"2/6/2015 9:00:00 AM"
1.225,1.668,"2/6/2015 9:00:00 AM"
1.225,1.668,"2/6/2015 9:00:00 AM"
1.225,1.668,"2/6/2015 9:00:00 AM"
1.177,1.586,"2/7/2015 10:00:00 AM"
1.264,1.738,"2/7/2015 10:00:00 AM"
1.302,1.767,"2/7/2015 10:00:00 AM"
"NA","NA","2/7/2015 9:00:00 AM"
"NA","NA","2/7/2015 9:00:00 AM"
"NA","NA","2/7/2015 9:00:00 AM"
"NA","NA","2/7/2015 9:00:00 AM"
"NA","NA","2/7/2015 9:00:00 AM"
"NA","NA","2/7/2015 9:00:00 AM"
1.177,1.586,"2/7/2015 9:00:00 AM"
1.177,1.586,"2/7/2015 9:00:00 AM"
1.264,1.738,"2/7/2015 9:00:00 AM"
1.264,1.738,"2/7/2015 9:00:00 AM"
1.302,1.767,"2/7/2015 9:00:00 AM"
1.302,1.767,"2/7/2015 9:00:00 AM"
1.302,1.767,"2/7/2015 9:00:00 AM"
"NA","NA","2/8/2015 9:00:00 AM"
"NA","NA","2/8/2015 9:00:00 AM"
"NA","NA","2/8/2015 9:00:00 AM"
"NA","NA","2/8/2015 9:00:00 AM"
"NA","NA","2/8/2015 9:00:00 AM"
"NA","NA","2/8/2015 9:00:00 AM"
1.218,1.657,"2/9/2015 10:20:00 AM"
1.284,1.737,"2/9/2015 10:20:00 AM"
1.494,2.1,"2/9/2015 10:20:00 AM"
0.63,0.92,"2/9/2015 2:30:00 PM"
0.74,1.12,"2/9/2015 2:30:00 PM"
0.79,1.25,"2/9/2015 2:30:00 PM"
1.53,2.51,"2/9/2015 2:30:00 PM"
1.64,2.65,"2/9/2015 2:30:00 PM"
1.68,2.73,"2/9/2015 2:30:00 PM"
0.54,0.87,"2/9/2015 9:00:00 AM"
0.63,0.99,"2/9/2015 9:00:00 AM"
0.61,1.04,"2/9/2015 9:00:00 AM"
1.5,2.38,"2/9/2015 9:00:00 AM"
1.38,2.26,"2/9/2015 9:00:00 AM"
1.46,2.35,"2/9/2015 9:00:00 AM"
1.218,1.657,"2/9/2015 9:20:00 AM"
1.218,1.657,"2/9/2015 9:20:00 AM"
1.284,1.737,"2/9/2015 9:20:00 AM"
1.284,1.737,"2/9/2015 9:20:00 AM"
1.284,1.737,"2/9/2015 9:20:00 AM"
1.494,2.1,"2/9/2015 9:20:00 AM"
1.494,2.1,"2/9/2015 9:20:00 AM"
0.9,1.43,"3/10/2015 2:30:00 PM"
0.84,1.38,"3/10/2015 2:30:00 PM"
0.87,1.41,"3/10/2015 2:30:00 PM"
2.62,4.35,"3/10/2015 2:30:00 PM"
2.64,4.38,"3/10/2015 2:30:00 PM"
2.74,4.48,"3/10/2015 2:30:00 PM"
2.39,3.89,"3/10/2015 9:00:00 AM"
2.48,4,"3/10/2015 9:00:00 AM"
2.42,3.9,"3/10/2015 9:00:00 AM"
0.797,1.131,"3/10/2015 9:00:00 AM"
0.797,1.131,"3/10/2015 9:00:00 AM"
0.846,1.2,"3/10/2015 9:00:00 AM"
0.846,1.2,"3/10/2015 9:00:00 AM"
0.846,1.2,"3/10/2015 9:00:00 AM"
0.85,1.31,"3/10/2015 9:00:00 AM"
0.84,1.33,"3/10/2015 9:00:00 AM"
0.85,1.34,"3/10/2015 9:00:00 AM"
0.94,1.55,"3/11/2015 1:00:00 PM"
1.04,1.71,"3/11/2015 1:00:00 PM"
0.96,1.57,"3/11/2015 1:00:00 PM"
0.99,1.62,"3/11/2015 1:00:00 PM"
0.99,1.56,"3/11/2015 1:00:00 PM"
0.99,1.58,"3/11/2015 1:00:00 PM"
0.99,1.59,"3/11/2015 2:30:00 PM"
1.09,1.72,"3/11/2015 2:30:00 PM"
1.09,1.73,"3/11/2015 2:30:00 PM"
1.09,1.74,"3/11/2015 2:30:00 PM"
1.14,1.77,"3/11/2015 2:30:00 PM"
1.16,1.86,"3/11/2015 2:30:00 PM"
0.955,1.244,"3/11/2015 9:00:00 AM"
0.955,1.244,"3/11/2015 9:00:00 AM"
1.055,1.368,"3/11/2015 9:00:00 AM"
1.055,1.368,"3/11/2015 9:00:00 AM"
1.055,1.368,"3/11/2015 9:00:00 AM"
2.67,4.35,"3/11/2015 9:00:00 AM"
2.65,4.31,"3/11/2015 9:00:00 AM"
2.71,4.43,"3/11/2015 9:00:00 AM"
0.98,1.54,"3/11/2015 9:00:00 AM"
1.01,1.58,"3/11/2015 9:00:00 AM"
1,1.59,"3/11/2015 9:00:00 AM"
0.35,0.55,"3/12/2015 2:30:00 PM"
0.35,0.55,"3/12/2015 2:30:00 PM"
0.36,0.58,"3/12/2015 2:30:00 PM"
1.19,1.97,"3/12/2015 2:30:00 PM"
1.31,2.07,"3/12/2015 2:30:00 PM"
1.31,2.1,"3/12/2015 2:30:00 PM"
0.968,1.259,"3/12/2015 9:00:00 AM"
0.968,1.259,"3/12/2015 9:00:00 AM"
1.103,1.45,"3/12/2015 9:00:00 AM"
1.103,1.45,"3/12/2015 9:00:00 AM"
1.103,1.45,"3/12/2015 9:00:00 AM"
0.98,1.61,"3/12/2015 9:00:00 AM"
1.04,1.62,"3/12/2015 9:00:00 AM"
1.05,1.65,"3/12/2015 9:00:00 AM"
1.04,1.65,"3/12/2015 9:00:00 AM"
1.07,1.72,"3/12/2015 9:00:00 AM"
1.11,1.81,"3/12/2015 9:00:00 AM"
0.39,0.6,"3/13/2015 2:30:00 PM"
0.41,0.62,"3/13/2015 2:30:00 PM"
0.41,0.64,"3/13/2015 2:30:00 PM"
1.45,2.4,"3/13/2015 2:30:00 PM"
1.54,2.5,"3/13/2015 2:30:00 PM"
1.58,2.59,"3/13/2015 2:30:00 PM"
1.061,1.371,"3/13/2015 9:00:00 AM"
1.061,1.371,"3/13/2015 9:00:00 AM"
1.273,1.695,"3/13/2015 9:00:00 AM"
1.273,1.695,"3/13/2015 9:00:00 AM"
1.273,1.695,"3/13/2015 9:00:00 AM"
0.39,0.59,"3/13/2015 9:00:00 AM"
0.4,0.6,"3/13/2015 9:00:00 AM"
0.39,0.6,"3/13/2015 9:00:00 AM"
1.24,2.04,"3/13/2015 9:00:00 AM"
1.34,2.19,"3/13/2015 9:00:00 AM"
1.34,2.2,"3/13/2015 9:00:00 AM"
1.19,1.561,"3/14/2015 9:00:00 AM"
1.19,1.561,"3/14/2015 9:00:00 AM"
1.469,2.011,"3/14/2015 9:00:00 AM"
1.469,2.011,"3/14/2015 9:00:00 AM"
1.469,2.011,"3/14/2015 9:00:00 AM"
0.146,0.166,"3/16/2015 2:05:00 PM"
1.178,1.574,"3/16/2015 9:00:00 AM"
1.178,1.574,"3/16/2015 9:00:00 AM"
1.467,2.011,"3/16/2015 9:00:00 AM"
1.467,2.011,"3/16/2015 9:00:00 AM"
1.467,2.011,"3/16/2015 9:00:00 AM"
1.229,1.63,"3/17/2015 9:00:00 AM"
1.229,1.63,"3/17/2015 9:00:00 AM"
1.529,2.103,"3/17/2015 9:00:00 AM"
1.529,2.103,"3/17/2015 9:00:00 AM"
1.529,2.103,"3/17/2015 9:00:00 AM"
1.303,1.735,"3/18/2015 9:00:00 AM"
1.691,2.411,"3/18/2015 9:00:00 AM"
0.088,0.098,"3/18/2015 9:00:00 AM"
1.303,1.735,"3/18/2015 9:00:00 AM"
1.691,2.411,"3/18/2015 9:00:00 AM"
1.691,2.411,"3/18/2015 9:00:00 AM"
0.087,0.095,"3/19/2015 9:00:00 AM"
1.4,1.785,"3/19/2015 9:00:00 AM"
1.4,1.785,"3/19/2015 9:00:00 AM"
1.902,2.543,"3/19/2015 9:00:00 AM"
1.902,2.543,"3/19/2015 9:00:00 AM"
1.902,2.543,"3/19/2015 9:00:00 AM"
0.56,0.81,"3/2/2015 2:30:00 PM"
0.6,0.88,"3/2/2015 2:30:00 PM"
0.6,0.88,"3/2/2015 2:30:00 PM"
1.99,3.12,"3/2/2015 2:30:00 PM"
2.13,3.33,"3/2/2015 2:30:00 PM"
2.15,3.36,"3/2/2015 2:30:00 PM"
1.86,2.99,"3/2/2015 9:00:00 AM"
2.06,3.26,"3/2/2015 9:00:00 AM"
2.08,3.31,"3/2/2015 9:00:00 AM"
0.332,0.413,"3/2/2015 9:00:00 AM"
1.094,1.431,"3/2/2015 9:00:00 AM"
1.094,1.431,"3/2/2015 9:00:00 AM"
1.12,1.47,"3/2/2015 9:00:00 AM"
1.12,1.47,"3/2/2015 9:00:00 AM"
1.12,1.47,"3/2/2015 9:00:00 AM"
0.083,0.595,"3/20/2015 9:00:00 AM"
1.425,2.585,"3/20/2015 9:00:00 AM"
1.425,2.585,"3/20/2015 9:00:00 AM"
1.943,2.663,"3/20/2015 9:00:00 AM"
1.943,2.663,"3/20/2015 9:00:00 AM"
1.943,2.663,"3/20/2015 9:00:00 AM"
0.047,0.055,"3/21/2015 9:30:00 AM"
1.392,1.815,"3/21/2015 9:30:00 AM"
1.928,2.675,"3/21/2015 9:30:00 AM"
1.3,"NA","3/22/2015 3:02:06 PM"
1.515,1.91,"3/23/2015 2:30:00 PM"
2.172,2.922,"3/23/2015 2:30:00 PM"
0.331,0.395,"3/23/2015 2:30:00 PM"
1.3,"NA","3/23/2015 2:48:29 PM"
1.5,"NA","3/23/2015 2:51:29 PM"
0.797,0.983,"3/23/2015 3:10:00 PM"
0.243,0.303,"3/23/2015 9:00:00 AM"
1.446,1.847,"3/23/2015 9:00:00 AM"
2.079,2.808,"3/23/2015 9:00:00 AM"
1.2,"NA","3/24/2015 2:51:46 PM"
0.312,0.4,"3/24/2015 9:00:00 AM"
0.902,1.122,"3/24/2015 9:00:00 AM"
1.467,1.859,"3/24/2015 9:00:00 AM"
0.452,0.56,"3/25/2015 11:10:00 AM"
1.45,"NA","3/25/2015 3:02:27 PM"
0.401,0.534,"3/25/2015 9:00:00 AM"
1.025,1.284,"3/25/2015 9:00:00 AM"
1.452,1.826,"3/25/2015 9:00:00 AM"
1.35,"NA","3/26/2015 3:02:37 PM"
0.475,0.589,"3/26/2015 9:00:00 AM"
0.554,0.793,"3/26/2015 9:00:00 AM"
1.152,1.451,"3/26/2015 9:00:00 AM"
0.49,0.624,"3/27/2015 9:00:00 AM"
0.765,1.144,"3/27/2015 9:00:00 AM"
1.233,1.566,"3/27/2015 9:00:00 AM"
0.622,0.788,"3/28/2015 9:15:00 AM"
0.872,1.229,"3/28/2015 9:15:00 AM"
1.318,1.733,"3/28/2015 9:15:00 AM"
0.63,0.88,"3/3/2015 2:30:00 PM"
0.63,0.88,"3/3/2015 2:30:00 PM"
0.64,0.9,"3/3/2015 2:30:00 PM"
2.17,3.37,"3/3/2015 2:30:00 PM"
2.14,3.37,"3/3/2015 2:30:00 PM"
2.32,3.66,"3/3/2015 2:30:00 PM"
1.98,3.15,"3/3/2015 9:00:00 AM"
2.15,3.37,"3/3/2015 9:00:00 AM"
2.2,3.44,"3/3/2015 9:00:00 AM"
0.66,0.93,"3/3/2015 9:00:00 AM"
0.66,0.93,"3/3/2015 9:00:00 AM"
0.63,0.93,"3/3/2015 9:00:00 AM"
1.141,1.469,"3/3/2015 9:00:00 AM"
1.141,1.469,"3/3/2015 9:00:00 AM"
1.144,1.482,"3/3/2015 9:00:00 AM"
1.144,1.482,"3/3/2015 9:00:00 AM"
1.144,1.482,"3/3/2015 9:00:00 AM"
0.846,1.085,"3/30/2015 9:00:00 AM"
1.206,1.656,"3/30/2015 9:00:00 AM"
1.565,2.001,"3/30/2015 9:00:00 AM"
1.374,1.809,"3/31/2015 9:00:00 AM"
0.893,1.166,"3/31/2015 9:00:00 AM"
1.571,2.01,"3/31/2015 9:00:00 AM"
0.65,0.98,"3/4/2015 2:30:00 PM"
0.65,0.98,"3/4/2015 2:30:00 PM"
0.72,1.07,"3/4/2015 2:30:00 PM"
2.09,3.35,"3/4/2015 2:30:00 PM"
2.09,3.35,"3/4/2015 2:30:00 PM"
2.26,3.67,"3/4/2015 2:30:00 PM"
2.01,3.23,"3/4/2015 9:00:00 AM"
2.21,3.51,"3/4/2015 9:00:00 AM"
2.33,3.72,"3/4/2015 9:00:00 AM"
0.7,0.98,"3/4/2015 9:00:00 AM"
0.7,0.98,"3/4/2015 9:00:00 AM"
0.74,0.99,"3/4/2015 9:00:00 AM"
1.244,1.632,"3/4/2015 9:00:00 AM"
1.244,1.632,"3/4/2015 9:00:00 AM"
1.274,1.684,"3/4/2015 9:00:00 AM"
1.274,1.684,"3/4/2015 9:00:00 AM"
1.274,1.684,"3/4/2015 9:00:00 AM"
1.89,2.96,"3/5/2015 2:30:00 PM"
1.89,3.02,"3/5/2015 2:30:00 PM"
2.04,3.24,"3/5/2015 2:30:00 PM"
0.71,1,"3/5/2015 9:00:00 AM"
0.71,1,"3/5/2015 9:00:00 AM"
0.71,1.09,"3/5/2015 9:00:00 AM"
1.346,1.786,"3/5/2015 9:00:00 AM"
1.346,1.786,"3/5/2015 9:00:00 AM"
1.346,1.786,"3/5/2015 9:00:00 AM"
1.297,1.712,"3/5/2015 9:50:00 AM"
1.297,1.712,"3/5/2015 9:50:00 AM"
1.93,3.11,"3/6/2015 2:30:00 PM"
1.94,3.13,"3/6/2015 2:30:00 PM"
2.05,3.29,"3/6/2015 2:30:00 PM"
0.62,0.94,"3/6/2015 9:00:00 AM"
0.62,0.94,"3/6/2015 9:00:00 AM"
0.63,0.96,"3/6/2015 9:00:00 AM"
1.416,1.923,"3/6/2015 9:00:00 AM"
1.416,1.923,"3/6/2015 9:00:00 AM"
1.499,2.048,"3/6/2015 9:00:00 AM"
1.499,2.048,"3/6/2015 9:00:00 AM"
1.499,2.048,"3/6/2015 9:00:00 AM"
"NA","NA","3/7/2015 2:30:00 PM"
"NA","NA","3/7/2015 2:30:00 PM"
"NA","NA","3/7/2015 2:30:00 PM"
0.64,0.97,"3/7/2015 9:00:00 AM"
0.67,0.99,"3/7/2015 9:00:00 AM"
0.68,1,"3/7/2015 9:00:00 AM"
"NA","NA","3/7/2015 9:00:00 AM"
"NA","NA","3/7/2015 9:00:00 AM"
"NA","NA","3/7/2015 9:00:00 AM"
1.694,2.198,"3/7/2015 9:00:00 AM"
1.694,2.198,"3/7/2015 9:00:00 AM"
1.868,2.474,"3/7/2015 9:00:00 AM"
1.868,2.474,"3/7/2015 9:00:00 AM"
1.868,2.474,"3/7/2015 9:00:00 AM"
"NA","NA","3/8/2015 2:30:00 PM"
"NA","NA","3/8/2015 2:30:00 PM"
"NA","NA","3/8/2015 9:00:00 AM"
"NA","NA","3/8/2015 9:00:00 AM"
"NA","NA","3/8/2015 9:00:00 AM"
1.58,1.973,"3/9/2015 1:50:00 PM"
1.58,1.973,"3/9/2015 1:50:00 PM"
1.758,2.21,"3/9/2015 1:50:00 PM"
1.758,2.21,"3/9/2015 1:50:00 PM"
1.758,2.21,"3/9/2015 1:50:00 PM"
0.7,1.14,"3/9/2015 2:30:00 PM"
0.71,1.14,"3/9/2015 2:30:00 PM"
0.79,1.2,"3/9/2015 2:30:00 PM"
2.17,3.7,"3/9/2015 2:30:00 PM"
2.29,3.79,"3/9/2015 2:30:00 PM"
2.33,3.9,"3/9/2015 2:30:00 PM"
"NA","NA","3/9/2015 2:50:00 PM"
0.793,1.077,"3/9/2015 3:30:00 PM"
0.793,1.077,"3/9/2015 3:30:00 PM"
0.827,1.134,"3/9/2015 3:30:00 PM"
0.827,1.134,"3/9/2015 3:30:00 PM"
0.827,1.134,"3/9/2015 3:30:00 PM"
1.505,1.88,"3/9/2015 9:00:00 AM"
1.505,1.88,"3/9/2015 9:00:00 AM"
1.69,2.133,"3/9/2015 9:00:00 AM"
1.69,2.133,"3/9/2015 9:00:00 AM"
1.69,2.133,"3/9/2015 9:00:00 AM"
2.24,3.6,"3/9/2015 9:00:00 AM"
2.16,3.49,"3/9/2015 9:00:00 AM"
2.17,3.54,"3/9/2015 9:00:00 AM"
1.119,1.425,"4/1/2015 3:20:00 PM"
1.547,1.917,"4/1/2015 3:20:00 PM"
1.37,1.883,"4/1/2015 9:00:00 AM"
1.023,1.337,"4/1/2015 9:00:00 AM"
1.532,1.944,"4/1/2015 9:00:00 AM"
1.65,1.81,"4/10/2015 12:30:00 PM"
0.878,1.059,"4/10/2015 4:40:00 PM"
1.463,1.78,"4/10/2015 9:00:00 AM"
0.225,0.294,"4/10/2015 9:00:00 AM"
0.241,0.313,"4/10/2015 9:00:00 AM"
0.46,0.643,"4/11/2015 9:00:00 AM"
0.46,0.643,"4/11/2015 9:00:00 AM"
0.46,0.643,"4/11/2015 9:00:00 AM"
0.46,0.643,"4/11/2015 9:00:00 AM"
0.46,0.643,"4/11/2015 9:00:00 AM"
0.46,0.643,"4/11/2015 9:00:00 AM"
0.46,0.643,"4/11/2015 9:00:00 AM"
0.46,0.643,"4/11/2015 9:00:00 AM"
0.497,0.702,"4/11/2015 9:00:00 AM"
0.497,0.702,"4/11/2015 9:00:00 AM"
0.668,0.821,"4/11/2015 9:00:00 AM"
0.783,1.084,"4/13/2015 9:40:00 AM"
0.783,1.084,"4/13/2015 9:40:00 AM"
0.789,1.086,"4/13/2015 9:40:00 AM"
0.85,1.088,"4/13/2015 9:40:00 AM"
0.961,1.194,"4/14/2015 9:00:00 AM"
1.007,1.273,"4/14/2015 9:00:00 AM"
1.007,1.273,"4/14/2015 9:00:00 AM"
1.007,1.273,"4/14/2015 9:00:00 AM"
1.007,1.273,"4/14/2015 9:00:00 AM"
1.007,1.273,"4/14/2015 9:00:00 AM"
1.007,1.273,"4/14/2015 9:00:00 AM"
1.007,1.273,"4/14/2015 9:00:00 AM"
1.007,1.273,"4/14/2015 9:00:00 AM"
1.014,1.303,"4/14/2015 9:00:00 AM"
1.014,1.303,"4/14/2015 9:00:00 AM"
1.084,1.38,"4/15/2015 9:00:00 AM"
1.122,1.391,"4/15/2015 9:00:00 AM"
1.199,1.511,"4/15/2015 9:00:00 AM"
1.199,1.511,"4/15/2015 9:00:00 AM"
1.054,1.311,"4/16/2015 9:00:00 AM"
1.209,1.476,"4/16/2015 9:00:00 AM"
1.272,1.574,"4/16/2015 9:00:00 AM"
1.284,1.572,"4/17/2015 9:00:00 AM"
1.271,1.549,"4/17/2015 9:00:00 AM"
1.246,1.489,"4/17/2015 9:00:00 AM"
1.246,1.489,"4/17/2015 9:00:00 AM"
1.246,1.489,"4/17/2015 9:00:00 AM"
1.246,1.489,"4/17/2015 9:00:00 AM"
1.246,1.489,"4/17/2015 9:00:00 AM"
1.246,1.489,"4/17/2015 9:00:00 AM"
1.246,1.489,"4/17/2015 9:00:00 AM"
1.246,1.489,"4/17/2015 9:00:00 AM"
1.399,1.772,"4/18/2015 10:45:00 AM"
1.399,1.772,"4/18/2015 10:45:00 AM"
1.144,1.36,"4/18/2015 9:00:00 AM"
1.403,1.721,"4/18/2015 9:00:00 AM"
1.403,1.721,"4/18/2015 9:00:00 AM"
1.403,1.721,"4/18/2015 9:00:00 AM"
1.403,1.721,"4/18/2015 9:00:00 AM"
1.403,1.721,"4/18/2015 9:00:00 AM"
1.403,1.721,"4/18/2015 9:00:00 AM"
1.403,1.721,"4/18/2015 9:00:00 AM"
1.403,1.721,"4/18/2015 9:00:00 AM"
1.697,2.331,"4/2/2015 12:30:00 PM"
0.837,1.196,"4/2/2015 3:05:00 PM"
1.311,1.805,"4/2/2015 9:00:00 AM"
1.563,1.855,"4/20/2015 9:00:00 AM"
1.567,1.951,"4/20/2015 9:00:00 AM"
1.461,1.802,"4/20/2015 9:00:00 AM"
1.461,1.802,"4/20/2015 9:00:00 AM"
1.461,1.802,"4/20/2015 9:00:00 AM"
1.461,1.802,"4/20/2015 9:00:00 AM"
1.461,1.802,"4/20/2015 9:00:00 AM"
1.461,1.802,"4/20/2015 9:00:00 AM"
1.461,1.802,"4/20/2015 9:00:00 AM"
1.461,1.802,"4/20/2015 9:00:00 AM"
1.69,2.047,"4/21/2015 2:10:00 PM"
1.69,2.047,"4/21/2015 2:10:00 PM"
1.804,2.189,"4/21/2015 2:10:00 PM"
0.487,0.567,"4/21/2015 3:00:00 PM"
0.487,0.567,"4/21/2015 3:00:00 PM"
0.58,0.684,"4/21/2015 3:00:00 PM"
1.382,1.608,"4/21/2015 9:00:00 AM"
1.655,2.006,"4/21/2015 9:00:00 AM"
1.655,2.006,"4/21/2015 9:00:00 AM"
1.655,2.006,"4/21/2015 9:00:00 AM"
1.655,2.006,"4/21/2015 9:00:00 AM"
1.655,2.006,"4/21/2015 9:00:00 AM"
1.655,2.006,"4/21/2015 9:00:00 AM"
1.655,2.006,"4/21/2015 9:00:00 AM"
1.655,2.006,"4/21/2015 9:00:00 AM"
1.785,2.169,"4/21/2015 9:00:00 AM"
1.785,2.169,"4/21/2015 9:00:00 AM"
0.526,0.66,"4/22/2015 9:00:00 AM"
0.526,0.66,"4/22/2015 9:00:00 AM"
0.886,1.087,"4/22/2015 9:00:00 AM"
0.632,0.799,"4/22/2015 9:00:00 AM"
1.2,1.495,"4/23/2015 3:30:00 PM"
0.624,0.821,"4/23/2015 9:30:00 AM"
0.624,0.821,"4/23/2015 9:30:00 AM"
0.734,0.998,"4/23/2015 9:30:00 AM"
1.525,1.802,"4/23/2015 9:30:00 AM"
0.962,1.299,"4/24/2015 9:00:00 AM"
0.829,1.074,"4/24/2015 9:00:00 AM"
1.023,1.22,"4/24/2015 9:30:00 AM"
1.023,1.301,"4/25/2015 9:30:00 AM"
1.023,1.301,"4/25/2015 9:30:00 AM"
1.204,1.586,"4/25/2015 9:30:00 AM"
1.441,1.765,"4/25/2015 9:30:00 AM"
1.224,1.551,"4/27/2015 9:00:00 AM"
1.224,1.551,"4/27/2015 9:00:00 AM"
1.366,1.771,"4/27/2015 9:00:00 AM"
1.529,1.929,"4/27/2015 9:00:00 AM"
1.276,1.612,"4/28/2015 9:00:00 AM"
1.276,1.612,"4/28/2015 9:00:00 AM"
1.411,1.82,"4/28/2015 9:00:00 AM"
2.235,2.908,"4/28/2015 9:00:00 AM"
1.347,1.689,"4/29/2015 9:00:00 AM"
1.347,1.689,"4/29/2015 9:00:00 AM"
1.5,1.898,"4/29/2015 9:00:00 AM"
1.371,1.695,"4/29/2015 9:00:00 AM"
1.132,1.555,"4/3/2015 9:00:00 AM"
1.36,1.661,"4/30/2015 2:20:00 PM"
1.36,1.661,"4/30/2015 2:20:00 PM"
1.7,2.113,"4/30/2015 2:20:00 PM"
0.372,0.442,"4/30/2015 3:20:00 PM"
0.372,0.442,"4/30/2015 3:20:00 PM"
0.372,0.442,"4/30/2015 3:20:00 PM"
0.477,0.576,"4/30/2015 3:20:00 PM"
0.477,0.576,"4/30/2015 3:20:00 PM"
1.389,1.714,"4/30/2015 9:00:00 AM"
1.389,1.714,"4/30/2015 9:00:00 AM"
1.483,1.795,"4/30/2015 9:00:00 AM"
1.563,1.975,"4/30/2015 9:00:00 AM"
0.856,1.15,"4/4/2015 9:00:00 AM"
0.07,0.077,"4/6/2015 3:30:00 PM"
0.07,0.077,"4/6/2015 3:30:00 PM"
0.07,0.077,"4/6/2015 3:30:00 PM"
0.07,0.077,"4/6/2015 3:30:00 PM"
0.07,0.077,"4/6/2015 3:30:00 PM"
0.07,0.077,"4/6/2015 3:30:00 PM"
0.07,0.077,"4/6/2015 3:30:00 PM"
0.07,0.077,"4/6/2015 3:30:00 PM"
0.081,0.09,"4/6/2015 3:30:00 PM"
0.081,0.09,"4/6/2015 3:30:00 PM"
0.92,1.168,"4/6/2015 9:00:00 AM"
0.627,0.746,"4/7/2015 10:00:00 AM"
0.072,0.083,"4/7/2015 9:00:00 AM"
0.072,0.083,"4/7/2015 9:00:00 AM"
0.072,0.083,"4/7/2015 9:00:00 AM"
0.072,0.083,"4/7/2015 9:00:00 AM"
0.072,0.083,"4/7/2015 9:00:00 AM"
0.072,0.083,"4/7/2015 9:00:00 AM"
0.072,0.083,"4/7/2015 9:00:00 AM"
0.072,0.083,"4/7/2015 9:00:00 AM"
0.083,0.096,"4/7/2015 9:00:00 AM"
0.083,0.096,"4/7/2015 9:00:00 AM"
1.349,1.638,"4/8/2015 3:00:00 PM"
1.311,1.625,"4/8/2015 9:00:00 AM"
0.087,0.103,"4/8/2015 9:00:00 AM"
0.092,0.108,"4/8/2015 9:00:00 AM"
0.092,0.108,"4/8/2015 9:00:00 AM"
0.125,0.156,"4/9/2015 9:00:00 AM"
0.125,0.156,"4/9/2015 9:00:00 AM"
0.125,0.156,"4/9/2015 9:00:00 AM"
0.125,0.156,"4/9/2015 9:00:00 AM"
0.125,0.156,"4/9/2015 9:00:00 AM"
0.125,0.156,"4/9/2015 9:00:00 AM"
0.125,0.156,"4/9/2015 9:00:00 AM"
0.125,0.156,"4/9/2015 9:00:00 AM"
0.139,0.169,"4/9/2015 9:00:00 AM"
1.162,1.417,"4/9/2015 9:00:00 AM"
0.4,0.493,"5/1/2015 9:00:00 AM"
0.4,0.493,"5/1/2015 9:00:00 AM"
0.506,0.633,"5/1/2015 9:00:00 AM"
1.303,1.513,"5/11/2015 8:00:00 AM"
1.267,1.544,"5/11/2015 8:00:00 AM"
1.267,1.544,"5/11/2015 8:00:00 AM"
1.351,1.67,"5/12/2015 8:00:00 AM"
1.351,1.67,"5/12/2015 8:00:00 AM"
1.4,1.786,"5/13/2015 8:00:00 AM"
1.4,1.786,"5/13/2015 8:00:00 AM"
0.054,0.117,"5/18/2015 1:40:00 PM"
0.058,0.122,"5/18/2015 1:40:00 PM"
0.096,0.117,"5/19/2015 8:30:00 AM"
0.097,0.123,"5/19/2015 8:30:00 AM"
0.561,0.672,"5/2/2015 9:00:00 AM"
0.561,0.672,"5/2/2015 9:00:00 AM"
0.737,0.922,"5/2/2015 9:00:00 AM"
0.121,0.14,"5/20/2015 8:30:00 AM"
0.124,0.145,"5/20/2015 8:30:00 AM"
0.153,0.176,"5/21/2015 7:00:00 AM"
0.166,0.192,"5/21/2015 8:00:00 AM"
0.215,0.261,"5/22/2015 8:00:00 AM"
0.233,0.288,"5/22/2015 8:00:00 AM"
0.355,0.431,"5/23/2015 10:15:00 AM"
0.375,0.461,"5/23/2015 10:15:00 AM"
0.499,0.649,"5/24/2015 10:00:00 AM"
0.54,0.691,"5/24/2015 10:00:00 AM"
0.748,1.07,"5/26/2015 8:35:00 AM"
0.751,1.081,"5/26/2015 8:35:00 AM"
0.969,1.313,"5/27/2015 8:30:00 AM"
0.96,1.299,"5/27/2015 8:35:00 AM"
1.026,1.35,"5/28/2015 8:30:00 AM"
1.05,1.388,"5/28/2015 8:30:00 AM"
1.135,1.474,"5/29/2015 8:30:00 AM"
1.131,1.47,"5/29/2015 8:30:00 AM"
0.62,1.433,"5/30/2015 10:00:00 AM"
1.016,1.467,"5/30/2015 10:00:00 AM"
0.764,1.568,"5/31/2015 9:50:00 AM"
0.79,1.586,"5/31/2015 9:50:00 AM"
0.834,1.161,"5/4/2015 9:20:00 AM"
0.834,1.161,"5/4/2015 9:20:00 AM"
0.956,1.312,"5/4/2015 9:20:00 AM"
1.353,1.462,"5/6/2015 12:00:00 PM"
1.177,1.462,"5/6/2015 12:00:00 PM"
1.177,1.462,"5/6/2015 12:00:00 PM"
1.205,1.487,"5/7/2015 9:00:00 AM"
1.205,1.487,"5/7/2015 9:00:00 AM"
1.3,1.57,"5/7/2015 9:00:00 AM"
1.23,1.466,"5/8/2015 8:00:00 AM"
1.237,1.553,"5/8/2015 8:00:00 AM"
1.237,1.553,"5/8/2015 8:00:00 AM"
1.046,1.464,"6/1/2015 8:30:00 AM"
1.059,1.488,"6/1/2015 8:30:00 AM"
0.233,0.325,"6/10/2015 1:00:00 PM"
0.246,0.344,"6/10/2015 1:00:00 PM"
0.343,0.429,"6/10/2015 10:00:00 PM"
0.326,0.429,"6/10/2015 10:00:00 PM"
0.204,0.286,"6/10/2015 12:00:00 PM"
0.221,0.304,"6/10/2015 12:00:00 PM"
0.257,0.353,"6/10/2015 2:00:00 PM"
0.272,0.382,"6/10/2015 2:00:00 PM"
0.28,0.398,"6/10/2015 3:00:00 PM"
0.294,0.42,"6/10/2015 3:00:00 PM"
0.308,0.41,"6/10/2015 4:00:00 PM"
0.313,0.419,"6/10/2015 4:00:00 PM"
0.329,0.398,"6/10/2015 5:00:00 PM"
0.314,0.445,"6/10/2015 5:00:00 PM"
0.346,0.419,"6/10/2015 7:00:00 PM"
0.363,0.449,"6/10/2015 7:00:00 PM"
0.341,0.417,"6/10/2015 8:00:00 PM"
0.361,0.465,"6/10/2015 8:00:00 PM"
0.284,0.397,"6/10/2015 8:40:00 AM"
0.283,0.392,"6/10/2015 8:40:00 AM"
0.333,0.429,"6/10/2015 9:00:00 PM"
0.356,0.449,"6/10/2015 9:00:00 PM"
0.435,0.612,"6/11/2015 10:00:00 AM"
0.44,0.624,"6/11/2015 10:00:00 AM"
0.458,0.651,"6/11/2015 11:00:00 AM"
0.462,0.663,"6/11/2015 11:00:00 AM"
0.547,0.804,"6/11/2015 2:00:00 PM"
0.556,0.825,"6/11/2015 2:00:00 PM"
0.385,0.566,"6/11/2015 7:00:00 AM"
0.408,0.583,"6/11/2015 7:00:00 AM"
0.395,0.545,"6/11/2015 8:00:00 AM"
0.394,0.575,"6/11/2015 8:00:00 AM"
0.278,0.359,"6/11/2015 9:00:00 AM"
0.277,0.442,"6/11/2015 9:00:00 AM"
0.631,0.94,"6/12/2015 9:00:00 AM"
0.648,0.972,"6/12/2015 9:00:00 AM"
0.799,1.203,"6/13/2015 9:00:00 AM"
0.803,1.23,"6/13/2015 9:00:00 AM"
1.07,1.45,"6/15/2015 8:20:00 AM"
1.074,1.467,"6/15/2015 8:20:00 AM"
0.397,0.51,"6/16/2015 10:30:00 AM"
0.428,0.549,"6/16/2015 10:30:00 AM"
1.221,1.679,"6/16/2015 8:30:00 AM"
1.238,1.707,"6/16/2015 8:30:00 AM"
0.533,0.75,"6/17/2015 8:30:00 AM"
0.558,0.795,"6/17/2015 8:30:00 AM"
0.695,0.98,"6/18/2015 8:15:00 AM"
0.712,1.027,"6/18/2015 8:15:00 AM"
0.817,1.174,"6/19/2015 8:30:00 AM"
0.854,1.253,"6/19/2015 8:30:00 AM"
0.817,1.174,"6/19/2015 8:30:00 AM"
0.854,1.253,"6/19/2015 8:30:00 AM"
1.36,1.705,"6/2/2015 8:30:00 AM"
1.06,1.359,"6/20/2015 11:10:00 AM"
1.049,1.371,"6/20/2015 11:10:00 AM"
1.178,1.498,"6/22/2015 8:30:00 AM"
1.188,1.527,"6/22/2015 8:30:00 AM"
1.178,1.498,"6/22/2015 8:30:00 AM"
1.188,1.527,"6/22/2015 8:30:00 AM"
1.214,1.531,"6/23/2015 8:30:00 AM"
1.231,1.549,"6/23/2015 8:30:00 AM"
1.286,1.557,"6/24/2015 1:30:00 PM"
1.317,1.604,"6/24/2015 1:30:00 PM"
1.286,1.557,"6/24/2015 1:30:00 PM"
1.317,1.604,"6/24/2015 1:30:00 PM"
0.36,0.427,"6/24/2015 2:20:00 PM"
0.385,0.456,"6/24/2015 2:20:00 PM"
0.36,0.427,"6/24/2015 2:20:00 PM"
0.385,0.456,"6/24/2015 2:20:00 PM"
1.242,1.539,"6/24/2015 8:30:00 AM"
1.261,1.576,"6/24/2015 8:30:00 AM"
0.435,0.542,"6/25/2015 8:30:00 AM"
0.435,0.546,"6/25/2015 8:30:00 AM"
0.616,0.837,"6/26/2015 8:30:00 AM"
0.559,0.727,"6/26/2015 8:30:00 AM"
0.559,0.727,"6/26/2015 8:30:00 AM"
0.616,0.837,"6/26/2015 8:30:00 AM"
0.617,0.775,"6/27/2015 8:30:00 AM"
0.792,1.072,"6/27/2015 8:30:00 AM"
0.644,0.751,"6/29/2015 8:30:00 AM"
0.91,1.232,"6/29/2015 8:30:00 AM"
0.644,0.751,"6/29/2015 8:30:00 AM"
0.91,1.232,"6/29/2015 8:30:00 AM"
1.331,1.634,"6/3/2015 8:30:00 AM"
0.938,1.24,"6/30/2015 8:30:00 AM"
1.33,1.619,"6/4/2015 8:30:00 AM"
0.055,0.073,"6/8/2015 12:00:00 PM"
0.058,0.077,"6/8/2015 12:00:00 PM"
0.08,0.113,"6/9/2015 8:30:00 AM"
0.082,0.116,"6/9/2015 8:30:00 AM"
