"","Date_time","Temperature..C"
"1","9/30/2015 11:10",23.1
"2","9/30/2015 11:20",23.7
"3","9/30/2015 11:30",24.3
"4","9/30/2015 11:40",24.7
"5","9/30/2015 11:50",25.3
"6","9/30/2015 12:00",26
"7","9/30/2015 12:10",26.7
"8","9/30/2015 12:20",27.3
"9","9/30/2015 12:30",27.3
"10","9/30/2015 12:40",28.1
"11","9/30/2015 12:50",28.5
"12","9/30/2015 13:00",29.1
"13","9/30/2015 13:10",28.8
"14","9/30/2015 13:20",29
"15","9/30/2015 13:30",29.4
"16","9/30/2015 13:40",29.6
"17","9/30/2015 13:50",29.7
"18","9/30/2015 14:00",29.9
"19","9/30/2015 14:10",29.7
"20","9/30/2015 14:20",30.2
"21","9/30/2015 14:30",30.2
"22","9/30/2015 14:40",30.5
"23","9/30/2015 14:50",30.4
"24","9/30/2015 15:00",30.4
"25","9/30/2015 15:10",30.2
"26","9/30/2015 15:20",29.7
"27","9/30/2015 15:30",29.1
"28","9/30/2015 15:40",28.5
"29","9/30/2015 15:50",27.7
"30","9/30/2015 16:00",27.1
"31","9/30/2015 16:10",26.5
"32","9/30/2015 16:20",26
"33","9/30/2015 16:30",25.6
"34","9/30/2015 16:40",25.2
"35","9/30/2015 16:50",24.7
"36","9/30/2015 17:00",24.5
"37","9/30/2015 17:10",24.5
"38","9/30/2015 17:20",24.4
"39","9/30/2015 17:30",24.4
"40","9/30/2015 17:40",24.3
"41","9/30/2015 17:50",24.1
"42","9/30/2015 18:00",23.7
"43","9/30/2015 18:10",23.2
"44","9/30/2015 18:20",22.7
"45","9/30/2015 18:30",22.4
"46","9/30/2015 18:40",22.1
"47","9/30/2015 18:50",21.9
"48","9/30/2015 19:00",21.6
"49","9/30/2015 19:10",21.3
"50","9/30/2015 19:20",21.1
"51","9/30/2015 19:30",20.9
"52","9/30/2015 19:40",20.7
"53","9/30/2015 19:50",20.5
"54","9/30/2015 20:00",20.3
"55","9/30/2015 20:10",20.3
"56","9/30/2015 20:20",20.1
"57","9/30/2015 20:30",19.9
"58","9/30/2015 20:40",19.8
"59","9/30/2015 20:50",19.7
"60","9/30/2015 21:00",19.6
"61","9/30/2015 21:10",19.5
"62","9/30/2015 21:20",19.4
"63","9/30/2015 21:30",19.3
"64","9/30/2015 21:40",19.3
"65","9/30/2015 21:50",19.2
"66","9/30/2015 22:00",19
"67","9/30/2015 22:10",19
"68","9/30/2015 22:20",18.9
"69","9/30/2015 22:30",18.5
"70","9/30/2015 22:40",18
"71","9/30/2015 22:50",17.7
"72","9/30/2015 23:00",17.5
"73","9/30/2015 23:10",17.3
"74","9/30/2015 23:20",17.1
"75","9/30/2015 23:30",17
"76","9/30/2015 23:40",16.9
"77","9/30/2015 23:50",16.9
"78","10/1/2015 0:00",16.8
"79","10/1/2015 0:10",16.6
"80","10/1/2015 0:20",16.5
"81","10/1/2015 0:30",16.4
"82","10/1/2015 0:40",16.3
"83","10/1/2015 0:50",16.3
"84","10/1/2015 1:00",16.2
"85","10/1/2015 1:10",16.1
"86","10/1/2015 1:20",16.1
"87","10/1/2015 1:30",16.1
"88","10/1/2015 1:40",16.1
"89","10/1/2015 1:50",16
"90","10/1/2015 2:00",16
"91","10/1/2015 2:10",16
"92","10/1/2015 2:20",16
"93","10/1/2015 2:30",15.9
"94","10/1/2015 2:40",15.9
"95","10/1/2015 2:50",15.9
"96","10/1/2015 3:00",15.9
"97","10/1/2015 3:10",15.8
"98","10/1/2015 3:20",15.8
"99","10/1/2015 3:30",15.8
"100","10/1/2015 3:40",15.8
"101","10/1/2015 3:50",15.8
"102","10/1/2015 4:00",15.8
"103","10/1/2015 4:10",15.8
"104","10/1/2015 4:20",15.7
"105","10/1/2015 4:30",15.7
"106","10/1/2015 4:40",15.7
"107","10/1/2015 4:50",15.7
"108","10/1/2015 5:00",15.7
"109","10/1/2015 5:10",15.6
"110","10/1/2015 5:20",15.6
"111","10/1/2015 5:30",15.6
"112","10/1/2015 5:40",15.6
"113","10/1/2015 5:50",15.6
"114","10/1/2015 6:00",15.5
"115","10/1/2015 6:10",15.5
"116","10/1/2015 6:20",15.4
"117","10/1/2015 6:30",15.4
"118","10/1/2015 6:40",15.4
"119","10/1/2015 6:50",15.4
"120","10/1/2015 7:00",15.4
"121","10/1/2015 7:10",15.4
"122","10/1/2015 7:20",15.4
"123","10/1/2015 7:30",15.4
"124","10/1/2015 7:40",15.4
"125","10/1/2015 7:50",15.3
"126","10/1/2015 8:00",15.4
"127","10/1/2015 8:10",15.4
"128","10/1/2015 8:20",15.4
"129","10/1/2015 8:30",15.4
"130","10/1/2015 8:40",15.4
"131","10/1/2015 8:50",15.4
"132","10/1/2015 9:00",15.4
"133","10/1/2015 9:10",15.4
"134","10/1/2015 9:20",15.4
"135","10/1/2015 9:30",15.4
"136","10/1/2015 9:40",15.4
"137","10/1/2015 9:50",15.3
"138","10/1/2015 10:00",15.4
"139","10/1/2015 10:10",15.3
"140","10/1/2015 10:20",15.3
"141","10/1/2015 10:30",15.3
"142","10/1/2015 10:40",15.3
"143","10/1/2015 10:50",15.4
"144","10/1/2015 11:00",15.6
"145","10/1/2015 11:10",16
"146","10/1/2015 11:20",16.4
"147","10/1/2015 11:30",16.7
"148","10/1/2015 11:40",16.9
"149","10/1/2015 11:50",17.1
"150","10/1/2015 12:00",17.4
"151","10/1/2015 12:10",17.7
"152","10/1/2015 12:20",18.3
"153","10/1/2015 12:30",18.5
"154","10/1/2015 12:40",18.8
"155","10/1/2015 12:50",19.4
"156","10/1/2015 13:00",19.6
"157","10/1/2015 13:10",19.5
"158","10/1/2015 13:20",19.3
"159","10/1/2015 13:30",19.2
"160","10/1/2015 13:40",19.2
"161","10/1/2015 13:50",19.3
"162","10/1/2015 14:00",19.7
"163","10/1/2015 14:10",19.7
"164","10/1/2015 14:20",19.8
"165","10/1/2015 14:30",20.2
"166","10/1/2015 14:40",20.8
"167","10/1/2015 14:50",21
"168","10/1/2015 15:00",21.4
"169","10/1/2015 15:10",22.1
"170","10/1/2015 15:20",22.5
"171","10/1/2015 15:30",22.7
"172","10/1/2015 15:40",22.8
"173","10/1/2015 15:50",22.6
"174","10/1/2015 16:00",22.3
"175","10/1/2015 16:10",22
"176","10/1/2015 16:20",22
"177","10/1/2015 16:30",21.9
"178","10/1/2015 16:40",21.9
"179","10/1/2015 16:50",21.7
"180","10/1/2015 17:00",21.4
"181","10/1/2015 17:10",21.6
"182","10/1/2015 17:20",21.8
"183","10/1/2015 17:30",21.6
"184","10/1/2015 17:40",21.5
"185","10/1/2015 17:50",21.4
"186","10/1/2015 18:00",21.3
"187","10/1/2015 18:10",21.3
"188","10/1/2015 18:20",21.2
"189","10/1/2015 18:30",21
"190","10/1/2015 18:40",20.9
"191","10/1/2015 18:50",20.7
"192","10/1/2015 19:00",20.6
"193","10/1/2015 19:10",20.5
"194","10/1/2015 19:20",20.3
"195","10/1/2015 19:30",20.1
"196","10/1/2015 19:40",19.9
"197","10/1/2015 19:50",19.8
"198","10/1/2015 20:00",19.6
"199","10/1/2015 20:10",19.4
"200","10/1/2015 20:20",19.2
"201","10/1/2015 20:30",19
"202","10/1/2015 20:40",18.8
"203","10/1/2015 20:50",18.6
"204","10/1/2015 21:00",18.4
"205","10/1/2015 21:10",18.3
"206","10/1/2015 21:20",18.1
"207","10/1/2015 21:30",18
"208","10/1/2015 21:40",17.9
"209","10/1/2015 21:50",17.8
"210","10/1/2015 22:00",17.7
"211","10/1/2015 22:10",17.6
"212","10/1/2015 22:20",17.6
"213","10/1/2015 22:30",17.5
"214","10/1/2015 22:40",17.4
"215","10/1/2015 22:50",17.4
"216","10/1/2015 23:00",17.3
"217","10/1/2015 23:10",17.3
"218","10/1/2015 23:20",17.3
"219","10/1/2015 23:30",17.2
"220","10/1/2015 23:40",17.1
"221","10/1/2015 23:50",17.1
"222","10/2/2015 0:00",16.9
"223","10/2/2015 0:10",16.9
"224","10/2/2015 0:20",16.9
"225","10/2/2015 0:30",16.8
"226","10/2/2015 0:40",16.8
"227","10/2/2015 0:50",16.7
"228","10/2/2015 1:00",16.6
"229","10/2/2015 1:10",16.5
"230","10/2/2015 1:20",16.4
"231","10/2/2015 1:30",16.4
"232","10/2/2015 1:40",16.3
"233","10/2/2015 1:50",16.3
"234","10/2/2015 2:00",16.2
"235","10/2/2015 2:10",16.2
"236","10/2/2015 2:20",16.2
"237","10/2/2015 2:30",16.2
"238","10/2/2015 2:40",16.2
"239","10/2/2015 2:50",16.2
"240","10/2/2015 3:00",16.2
"241","10/2/2015 3:10",16.3
"242","10/2/2015 3:20",16.3
"243","10/2/2015 3:30",16.3
"244","10/2/2015 3:40",16.3
"245","10/2/2015 3:50",16.4
"246","10/2/2015 4:00",16.4
"247","10/2/2015 4:10",16.4
"248","10/2/2015 4:20",16.4
"249","10/2/2015 4:30",16.4
"250","10/2/2015 4:40",16.4
"251","10/2/2015 4:50",16.4
"252","10/2/2015 5:00",16.4
"253","10/2/2015 5:10",16.5
"254","10/2/2015 5:20",16.5
"255","10/2/2015 5:30",16.5
"256","10/2/2015 5:40",16.5
"257","10/2/2015 5:50",16.5
"258","10/2/2015 6:00",16.5
"259","10/2/2015 6:10",16.6
"260","10/2/2015 6:20",16.6
"261","10/2/2015 6:30",16.6
"262","10/2/2015 6:40",16.6
"263","10/2/2015 6:50",16.6
"264","10/2/2015 7:00",16.7
"265","10/2/2015 7:10",16.7
"266","10/2/2015 7:20",16.7
"267","10/2/2015 7:30",16.7
"268","10/2/2015 7:40",16.7
"269","10/2/2015 7:50",16.8
"270","10/2/2015 8:00",16.8
"271","10/2/2015 8:10",16.8
"272","10/2/2015 8:20",16.9
"273","10/2/2015 8:30",17
"274","10/2/2015 8:40",17.2
"275","10/2/2015 8:50",17.4
"276","10/2/2015 9:00",17.6
"277","10/2/2015 9:10",17.7
"278","10/2/2015 9:20",17.8
"279","10/2/2015 9:30",17.9
"280","10/2/2015 9:40",18
"281","10/2/2015 9:50",18.3
"282","10/2/2015 10:00",18.5
"283","10/2/2015 10:10",18.8
"284","10/2/2015 10:20",19
"285","10/2/2015 10:30",19.3
"286","10/2/2015 10:40",19.6
"287","10/2/2015 10:50",19.9
"288","10/2/2015 11:00",20.1
"289","10/2/2015 11:10",20.4
"290","10/2/2015 11:20",20.9
"291","10/2/2015 11:30",21.3
"292","10/2/2015 11:40",21.7
"293","10/2/2015 11:50",22
"294","10/2/2015 12:00",22.6
"295","10/2/2015 12:10",23
"296","10/2/2015 12:20",23.3
"297","10/2/2015 12:30",23.6
"298","10/2/2015 12:40",24
"299","10/2/2015 12:50",24.3
"300","10/2/2015 13:00",24.5
"301","10/2/2015 13:10",24.6
"302","10/2/2015 13:20",24.7
"303","10/2/2015 13:30",24.8
"304","10/2/2015 13:40",24.9
"305","10/2/2015 13:50",25.1
"306","10/2/2015 14:00",25.3
"307","10/2/2015 14:10",25.6
"308","10/2/2015 14:20",25.8
"309","10/2/2015 14:30",25.9
"310","10/2/2015 14:40",26
"311","10/2/2015 14:50",25.8
"312","10/2/2015 15:00",25.7
"313","10/2/2015 15:10",26.7
"314","10/2/2015 15:20",27
"315","10/2/2015 15:30",27.4
"316","10/2/2015 15:40",27.3
"317","10/2/2015 15:50",28.1
"318","10/2/2015 16:00",28.4
"319","10/2/2015 16:10",27.7
"320","10/2/2015 16:20",27.4
"321","10/2/2015 16:30",26.8
"322","10/2/2015 16:40",26.6
"323","10/2/2015 16:50",26.7
"324","10/2/2015 17:00",26.9
"325","10/2/2015 17:10",26.7
"326","10/2/2015 17:20",26.2
"327","10/2/2015 17:30",26
"328","10/2/2015 17:40",25.8
"329","10/2/2015 17:50",25.4
"330","10/2/2015 18:00",24.8
"331","10/2/2015 18:10",24.4
"332","10/2/2015 18:20",24
"333","10/2/2015 18:30",23.7
"334","10/2/2015 18:40",23.5
"335","10/2/2015 18:50",23.2
"336","10/2/2015 19:00",22.9
"337","10/2/2015 19:10",22.6
"338","10/2/2015 19:20",22.3
"339","10/2/2015 19:30",22
"340","10/2/2015 19:40",21.9
"341","10/2/2015 19:50",21.7
"342","10/2/2015 20:00",21.4
"343","10/2/2015 20:10",21.2
"344","10/2/2015 20:20",21
"345","10/2/2015 20:30",20.8
"346","10/2/2015 20:40",20.7
"347","10/2/2015 20:50",20.5
"348","10/2/2015 21:00",20.3
"349","10/2/2015 21:10",20.2
"350","10/2/2015 21:20",20
"351","10/2/2015 21:30",19.9
"352","10/2/2015 21:40",19.8
"353","10/2/2015 21:50",19.7
"354","10/2/2015 22:00",19.6
"355","10/2/2015 22:10",19.6
"356","10/2/2015 22:20",19.5
"357","10/2/2015 22:30",19.5
"358","10/2/2015 22:40",19.4
"359","10/2/2015 22:50",19.4
"360","10/2/2015 23:00",19.3
"361","10/2/2015 23:10",19.4
"362","10/2/2015 23:20",19.3
"363","10/2/2015 23:30",19.2
"364","10/2/2015 23:40",19.1
"365","10/2/2015 23:50",19
"366","10/3/2015 0:00",19
"367","10/3/2015 0:10",18.9
"368","10/3/2015 0:20",18.9
"369","10/3/2015 0:30",18.9
"370","10/3/2015 0:40",18.8
"371","10/3/2015 0:50",18.8
"372","10/3/2015 1:00",18.8
"373","10/3/2015 1:10",18.7
"374","10/3/2015 1:20",18.7
"375","10/3/2015 1:30",18.7
"376","10/3/2015 1:40",18.6
"377","10/3/2015 1:50",18.6
"378","10/3/2015 2:00",18.6
"379","10/3/2015 2:10",18.6
"380","10/3/2015 2:20",18.5
"381","10/3/2015 2:30",18.5
"382","10/3/2015 2:40",18.5
"383","10/3/2015 2:50",18.5
"384","10/3/2015 3:00",18.5
"385","10/3/2015 3:10",18.5
"386","10/3/2015 3:20",18.4
"387","10/3/2015 3:30",18.4
"388","10/3/2015 3:40",18.4
"389","10/3/2015 3:50",18.4
"390","10/3/2015 4:00",18.4
"391","10/3/2015 4:10",18.3
"392","10/3/2015 4:20",18.2
"393","10/3/2015 4:30",18.1
"394","10/3/2015 4:40",18
"395","10/3/2015 4:50",18
"396","10/3/2015 5:00",18
"397","10/3/2015 5:10",18
"398","10/3/2015 5:20",18
"399","10/3/2015 5:30",18
"400","10/3/2015 5:40",18
"401","10/3/2015 5:50",18
"402","10/3/2015 6:00",18
"403","10/3/2015 6:10",18
"404","10/3/2015 6:20",18
"405","10/3/2015 6:30",17.9
"406","10/3/2015 6:40",17.9
"407","10/3/2015 6:50",17.7
"408","10/3/2015 7:00",17.7
"409","10/3/2015 7:10",17.6
"410","10/3/2015 7:20",17.5
"411","10/3/2015 7:30",17.4
"412","10/3/2015 7:40",17.4
"413","10/3/2015 7:50",17.4
"414","10/3/2015 8:00",17.4
"415","10/3/2015 8:10",17.5
"416","10/3/2015 8:20",17.6
"417","10/3/2015 8:30",17.6
"418","10/3/2015 8:40",17.7
"419","10/3/2015 8:50",17.8
"420","10/3/2015 9:00",17.9
"421","10/3/2015 9:10",18
"422","10/3/2015 9:20",18.1
"423","10/3/2015 9:30",18.3
"424","10/3/2015 9:40",18.5
"425","10/3/2015 9:50",18.8
"426","10/3/2015 10:00",19.1
"427","10/3/2015 10:10",19.9
"428","10/3/2015 10:20",20.2
"429","10/3/2015 10:30",20.5
"430","10/3/2015 10:40",21
"431","10/3/2015 10:50",21.5
"432","10/3/2015 11:00",21.8
"433","10/3/2015 11:10",22
"434","10/3/2015 11:20",22.7
"435","10/3/2015 11:30",23.6
"436","10/3/2015 11:40",24.4
"437","10/3/2015 11:50",25.2
"438","10/3/2015 12:00",25.9
"439","10/3/2015 12:10",26.7
"440","10/3/2015 12:20",27.3
"441","10/3/2015 12:30",27.4
"442","10/3/2015 12:40",28
"443","10/3/2015 12:50",28.4
"444","10/3/2015 13:00",28.9
"445","10/3/2015 13:10",29.4
"446","10/3/2015 13:20",29.8
"447","10/3/2015 13:30",30
"448","10/3/2015 13:40",30.1
"449","10/3/2015 13:50",30.3
"450","10/3/2015 14:00",30
"451","10/3/2015 14:10",30.5
"452","10/3/2015 14:20",30.6
"453","10/3/2015 14:30",30.8
"454","10/3/2015 14:40",30.7
"455","10/3/2015 14:50",30.8
"456","10/3/2015 15:00",30.7
"457","10/3/2015 15:10",30.7
"458","10/3/2015 15:20",30.5
"459","10/3/2015 15:30",29.7
"460","10/3/2015 15:40",30.1
"461","10/3/2015 15:50",29.8
"462","10/3/2015 16:00",30
"463","10/3/2015 16:10",30
"464","10/3/2015 16:20",30
"465","10/3/2015 16:30",29.8
"466","10/3/2015 16:40",29.7
"467","10/3/2015 16:50",29.7
"468","10/3/2015 17:00",29.4
"469","10/3/2015 17:10",29.2
"470","10/3/2015 17:20",28.9
"471","10/3/2015 17:30",28.5
"472","10/3/2015 17:40",28
"473","10/3/2015 17:50",27.6
"474","10/3/2015 18:00",27.2
"475","10/3/2015 18:10",26.8
"476","10/3/2015 18:20",26.3
"477","10/3/2015 18:30",25.8
"478","10/3/2015 18:40",25.4
"479","10/3/2015 18:50",24.9
"480","10/3/2015 19:00",24.5
"481","10/3/2015 19:10",24.1
"482","10/3/2015 19:20",23.8
"483","10/3/2015 19:30",23.5
"484","10/3/2015 19:40",23.2
"485","10/3/2015 19:50",23
"486","10/3/2015 20:00",22.7
"487","10/3/2015 20:10",22.5
"488","10/3/2015 20:20",22.3
"489","10/3/2015 20:30",22.1
"490","10/3/2015 20:40",22
"491","10/3/2015 20:50",22
"492","10/3/2015 21:00",21.8
"493","10/3/2015 21:10",21.6
"494","10/3/2015 21:20",21.5
"495","10/3/2015 21:30",21.3
"496","10/3/2015 21:40",21.2
"497","10/3/2015 21:50",21.1
"498","10/3/2015 22:00",21
"499","10/3/2015 22:10",20.9
"500","10/3/2015 22:20",20.8
"501","10/3/2015 22:30",20.7
"502","10/3/2015 22:40",20.6
"503","10/3/2015 22:50",20.5
"504","10/3/2015 23:00",20.4
"505","10/3/2015 23:10",20.2
"506","10/3/2015 23:20",20.1
"507","10/3/2015 23:30",20
"508","10/3/2015 23:40",19.9
"509","10/3/2015 23:50",19.9
"510","10/4/2015 0:00",19.8
"511","10/4/2015 0:10",19.6
"512","10/4/2015 0:20",19.5
"513","10/4/2015 0:30",19.4
"514","10/4/2015 0:40",19.3
"515","10/4/2015 0:50",19.2
"516","10/4/2015 1:00",19.1
"517","10/4/2015 1:10",19
"518","10/4/2015 1:20",18.8
"519","10/4/2015 1:30",18.7
"520","10/4/2015 1:40",18.6
"521","10/4/2015 1:50",18.5
"522","10/4/2015 2:00",18.4
"523","10/4/2015 2:10",18.3
"524","10/4/2015 2:20",18.2
"525","10/4/2015 2:30",18.1
"526","10/4/2015 2:40",18.1
"527","10/4/2015 2:50",18
"528","10/4/2015 3:00",18
"529","10/4/2015 3:10",17.9
"530","10/4/2015 3:20",17.8
"531","10/4/2015 3:30",17.8
"532","10/4/2015 3:40",17.7
"533","10/4/2015 3:50",17.6
"534","10/4/2015 4:00",17.5
"535","10/4/2015 4:10",17.4
"536","10/4/2015 4:20",17.3
"537","10/4/2015 4:30",17.3
"538","10/4/2015 4:40",17.2
"539","10/4/2015 4:50",17.1
"540","10/4/2015 5:00",17
"541","10/4/2015 5:10",16.9
"542","10/4/2015 5:20",16.9
"543","10/4/2015 5:30",16.8
"544","10/4/2015 5:40",16.7
"545","10/4/2015 5:50",16.6
"546","10/4/2015 6:00",16.6
"547","10/4/2015 6:10",16.5
"548","10/4/2015 6:20",16.4
"549","10/4/2015 6:30",16.4
"550","10/4/2015 6:40",16.3
"551","10/4/2015 6:50",16.2
"552","10/4/2015 7:00",16.1
"553","10/4/2015 7:10",16
"554","10/4/2015 7:20",16
"555","10/4/2015 7:30",15.9
"556","10/4/2015 7:40",15.8
"557","10/4/2015 7:50",15.7
"558","10/4/2015 8:00",15.6
"559","10/4/2015 8:10",15.6
"560","10/4/2015 8:20",15.6
"561","10/4/2015 8:30",15.7
"562","10/4/2015 8:40",15.8
"563","10/4/2015 8:50",15.8
"564","10/4/2015 9:00",16
"565","10/4/2015 9:10",16.1
"566","10/4/2015 9:20",16.5
"567","10/4/2015 9:30",16.9
"568","10/4/2015 9:40",17.3
"569","10/4/2015 9:50",18
"570","10/4/2015 10:00",18.6
"571","10/4/2015 10:10",19.4
"572","10/4/2015 10:20",20.3
"573","10/4/2015 10:30",20.9
"574","10/4/2015 10:40",21.5
"575","10/4/2015 10:50",22
"576","10/4/2015 11:00",22.4
"577","10/4/2015 11:10",22.8
"578","10/4/2015 11:20",23.2
"579","10/4/2015 11:30",23.8
"580","10/4/2015 11:40",24.4
"581","10/4/2015 11:50",24.8
"582","10/4/2015 12:00",25.3
"583","10/4/2015 12:10",25.8
"584","10/4/2015 12:20",26.1
"585","10/4/2015 12:30",26.5
"586","10/4/2015 12:40",26.8
"587","10/4/2015 12:50",27
"588","10/4/2015 13:00",27.4
"589","10/4/2015 13:10",27.6
"590","10/4/2015 13:20",27.8
"591","10/4/2015 13:30",28.1
"592","10/4/2015 13:40",28.3
"593","10/4/2015 13:50",28.5
"594","10/4/2015 14:00",28.7
"595","10/4/2015 14:10",28.7
"596","10/4/2015 14:20",28.8
"597","10/4/2015 14:30",28.8
"598","10/4/2015 14:40",28.9
"599","10/4/2015 14:50",28.9
"600","10/4/2015 15:00",29
"601","10/4/2015 15:10",29
"602","10/4/2015 15:20",29
"603","10/4/2015 15:30",29
"604","10/4/2015 15:40",29
"605","10/4/2015 15:50",29
"606","10/4/2015 16:00",28.9
"607","10/4/2015 16:10",28.9
"608","10/4/2015 16:20",28.7
"609","10/4/2015 16:30",28.6
"610","10/4/2015 16:40",28.3
"611","10/4/2015 16:50",28.2
"612","10/4/2015 17:00",28
"613","10/4/2015 17:10",27.7
"614","10/4/2015 17:20",27.5
"615","10/4/2015 17:30",27.2
"616","10/4/2015 17:40",26.9
"617","10/4/2015 17:50",26.5
"618","10/4/2015 18:00",26.1
"619","10/4/2015 18:10",25.8
"620","10/4/2015 18:20",25.4
"621","10/4/2015 18:30",24.9
"622","10/4/2015 18:40",24.6
"623","10/4/2015 18:50",24.3
"624","10/4/2015 19:00",24
"625","10/4/2015 19:10",23.6
"626","10/4/2015 19:20",23.3
"627","10/4/2015 19:30",22.9
"628","10/4/2015 19:40",22.6
"629","10/4/2015 19:50",22.3
"630","10/4/2015 20:00",22
"631","10/4/2015 20:10",21.8
"632","10/4/2015 20:20",21.6
"633","10/4/2015 20:30",21.4
"634","10/4/2015 20:40",21.1
"635","10/4/2015 20:50",20.8
"636","10/4/2015 21:00",20.5
"637","10/4/2015 21:10",20.3
"638","10/4/2015 21:20",20.2
"639","10/4/2015 21:30",20
"640","10/4/2015 21:40",19.9
"641","10/4/2015 21:50",19.7
"642","10/4/2015 22:00",19.6
"643","10/4/2015 22:10",19.5
"644","10/4/2015 22:20",19.3
"645","10/4/2015 22:30",19.2
"646","10/4/2015 22:40",19
"647","10/4/2015 22:50",18.8
"648","10/4/2015 23:00",18.7
"649","10/4/2015 23:10",18.6
"650","10/4/2015 23:20",18.4
"651","10/4/2015 23:30",18.3
"652","10/4/2015 23:40",18.2
"653","10/4/2015 23:50",18.1
"654","10/5/2015 0:00",18
"655","10/5/2015 0:10",18
"656","10/5/2015 0:20",18
"657","10/5/2015 0:30",17.9
"658","10/5/2015 0:40",17.8
"659","10/5/2015 0:50",17.8
"660","10/5/2015 1:00",17.8
"661","10/5/2015 1:10",17.7
"662","10/5/2015 1:20",17.7
"663","10/5/2015 1:30",17.7
"664","10/5/2015 1:40",17.7
"665","10/5/2015 1:50",17.7
"666","10/5/2015 2:00",17.6
"667","10/5/2015 2:10",17.6
"668","10/5/2015 2:20",17.5
"669","10/5/2015 2:30",17.5
"670","10/5/2015 2:40",17.4
"671","10/5/2015 2:50",17.3
"672","10/5/2015 3:00",17.2
"673","10/5/2015 3:10",17.2
"674","10/5/2015 3:20",17.1
"675","10/5/2015 3:30",17.1
"676","10/5/2015 3:40",17
"677","10/5/2015 3:50",17
"678","10/5/2015 4:00",16.9
"679","10/5/2015 4:10",16.9
"680","10/5/2015 4:20",16.8
"681","10/5/2015 4:30",16.8
"682","10/5/2015 4:40",16.7
"683","10/5/2015 4:50",16.7
"684","10/5/2015 5:00",16.6
"685","10/5/2015 5:10",16.6
"686","10/5/2015 5:20",16.5
"687","10/5/2015 5:30",16.5
"688","10/5/2015 5:40",16.4
"689","10/5/2015 5:50",16.4
"690","10/5/2015 6:00",16.4
"691","10/5/2015 6:10",16.3
"692","10/5/2015 6:20",16.3
"693","10/5/2015 6:30",16.3
"694","10/5/2015 6:40",16.2
"695","10/5/2015 6:50",16.2
"696","10/5/2015 7:00",16.2
"697","10/5/2015 7:10",16.1
"698","10/5/2015 7:20",16.1
"699","10/5/2015 7:30",16.1
"700","10/5/2015 7:40",16.1
"701","10/5/2015 7:50",16.2
"702","10/5/2015 8:00",16.3
"703","10/5/2015 8:10",16.4
"704","10/5/2015 8:20",16.5
"705","10/5/2015 8:30",18
"706","10/5/2015 8:40",18.1
"707","10/5/2015 8:50",18.1
"708","10/5/2015 9:00",18.1
"709","10/5/2015 9:10",18.3
"710","10/5/2015 9:20",18.4
"711","10/5/2015 9:30",18.7
"712","10/5/2015 9:40",19
"713","10/5/2015 9:50",19.4
"714","10/5/2015 10:00",19.8
"715","10/5/2015 10:10",20.1
"716","10/5/2015 10:20",20.6
"717","10/5/2015 10:30",21.2
"718","10/5/2015 10:40",21.7
"719","10/5/2015 10:50",22
"720","10/5/2015 11:00",22.1
"721","10/5/2015 11:10",22.4
"722","10/5/2015 11:20",22.5
"723","10/5/2015 11:30",22.6
"724","10/5/2015 11:40",22.5
"725","10/5/2015 11:50",22.7
"726","10/5/2015 12:00",23.2
"727","10/5/2015 12:10",23.8
"728","10/5/2015 12:20",24.1
"729","10/5/2015 12:30",24.4
"730","10/5/2015 12:40",24.4
"731","10/5/2015 12:50",24.5
"732","10/5/2015 13:00",24.8
"733","10/5/2015 13:10",25
"734","10/5/2015 13:20",25.3
"735","10/5/2015 13:30",25.5
"736","10/5/2015 13:40",25.8
"737","10/5/2015 13:50",25.9
"738","10/5/2015 14:00",26.1
"739","10/5/2015 14:10",26.4
"740","10/5/2015 14:20",26.6
"741","10/5/2015 14:30",26.8
"742","10/5/2015 14:40",27
"743","10/5/2015 14:50",27.1
"744","10/5/2015 15:00",27.3
"745","10/5/2015 15:10",27.2
"746","10/5/2015 15:20",27.4
"747","10/5/2015 15:30",27.8
"748","10/5/2015 15:40",27.7
"749","10/5/2015 15:50",27.8
"750","10/5/2015 16:00",27.8
"751","10/5/2015 16:10",27.9
"752","10/5/2015 16:20",27.6
"753","10/5/2015 16:30",27.1
"754","10/5/2015 16:40",27
"755","10/5/2015 16:50",26.2
"756","10/5/2015 17:00",25.7
"757","10/5/2015 17:10",25.2
"758","10/5/2015 17:20",24.8
"759","10/5/2015 17:30",24.4
"760","10/5/2015 17:40",24.3
"761","10/5/2015 17:50",23.9
"762","10/5/2015 18:00",23.6
"763","10/5/2015 18:10",23.4
"764","10/5/2015 18:20",23.2
"765","10/5/2015 18:30",23
"766","10/5/2015 18:40",22.8
"767","10/5/2015 18:50",22.6
"768","10/5/2015 19:00",22.4
"769","10/5/2015 19:10",22.2
"770","10/5/2015 19:20",22
"771","10/5/2015 19:30",21.9
"772","10/5/2015 19:40",21.7
"773","10/5/2015 19:50",21.5
"774","10/5/2015 20:00",21.3
"775","10/5/2015 20:10",21.1
"776","10/5/2015 20:20",21
"777","10/5/2015 20:30",20.8
"778","10/5/2015 20:40",20.6
"779","10/5/2015 20:50",20.5
"780","10/5/2015 21:00",20.4
"781","10/5/2015 21:10",20.3
"782","10/5/2015 21:20",20.2
"783","10/5/2015 21:30",20.1
"784","10/5/2015 21:40",19.9
"785","10/5/2015 21:50",19.9
"786","10/5/2015 22:00",19.7
"787","10/5/2015 22:10",19.5
"788","10/5/2015 22:20",19.3
"789","10/5/2015 22:30",19.1
"790","10/5/2015 22:40",18.9
"791","10/5/2015 22:50",18.7
"792","10/5/2015 23:00",18.6
"793","10/5/2015 23:10",18.4
"794","10/5/2015 23:20",18.2
"795","10/5/2015 23:30",18
"796","10/5/2015 23:40",17.9
"797","10/5/2015 23:50",17.8
"798","10/6/2015 0:00",17.6
"799","10/6/2015 0:10",17.4
"800","10/6/2015 0:20",17.3
"801","10/6/2015 0:30",17.1
"802","10/6/2015 0:40",17
"803","10/6/2015 0:50",16.9
"804","10/6/2015 1:00",16.8
"805","10/6/2015 1:10",16.7
"806","10/6/2015 1:20",16.6
"807","10/6/2015 1:30",16.5
"808","10/6/2015 1:40",16.4
"809","10/6/2015 1:50",16.4
"810","10/6/2015 2:00",16.3
"811","10/6/2015 2:10",16.2
"812","10/6/2015 2:20",16.1
"813","10/6/2015 2:30",16
"814","10/6/2015 2:40",16
"815","10/6/2015 2:50",16
"816","10/6/2015 3:00",16
"817","10/6/2015 3:10",15.9
"818","10/6/2015 3:20",15.8
"819","10/6/2015 3:30",15.8
"820","10/6/2015 3:40",15.8
"821","10/6/2015 3:50",15.7
"822","10/6/2015 4:00",15.7
"823","10/6/2015 4:10",15.6
"824","10/6/2015 4:20",15.6
"825","10/6/2015 4:30",15.6
"826","10/6/2015 4:40",15.5
"827","10/6/2015 4:50",15.4
"828","10/6/2015 5:00",15.4
"829","10/6/2015 5:10",15.3
"830","10/6/2015 5:20",15.2
"831","10/6/2015 5:30",15.1
"832","10/6/2015 5:40",15
"833","10/6/2015 5:50",14.9
"834","10/6/2015 6:00",14.8
"835","10/6/2015 6:10",14.7
"836","10/6/2015 6:20",14.6
"837","10/6/2015 6:30",14.5
"838","10/6/2015 6:40",14.4
"839","10/6/2015 6:50",14.3
"840","10/6/2015 7:00",14.1
"841","10/6/2015 7:10",14.1
"842","10/6/2015 7:20",13.9
"843","10/6/2015 7:30",13.8
"844","10/6/2015 7:40",13.7
"845","10/6/2015 7:50",13.6
"846","10/6/2015 8:00",13.5
"847","10/6/2015 8:10",13.4
"848","10/6/2015 8:20",16.4
"849","10/6/2015 8:30",16.2
"850","10/6/2015 8:40",16.1
"851","10/6/2015 8:50",16
"852","10/6/2015 9:00",16
"853","10/6/2015 9:10",16
"854","10/6/2015 9:20",16
"855","10/6/2015 9:30",16.2
"856","10/6/2015 9:40",16.4
"857","10/6/2015 9:50",16.7
"858","10/6/2015 10:00",17.1
"859","10/6/2015 10:10",17.5
"860","10/6/2015 10:20",17.9
"861","10/6/2015 10:30",18.2
"862","10/6/2015 10:40",18.6
"863","10/6/2015 10:50",19.1
"864","10/6/2015 11:00",19.5
"865","10/6/2015 11:10",19.8
"866","10/6/2015 11:20",20.1
"867","10/6/2015 11:30",20.6
"868","10/6/2015 11:40",21.2
"869","10/6/2015 11:50",21.8
"870","10/6/2015 12:00",22.3
"871","10/6/2015 12:10",22.8
"872","10/6/2015 12:20",23.3
"873","10/6/2015 12:30",23.8
"874","10/6/2015 12:40",24.1
"875","10/6/2015 12:50",24.4
"876","10/6/2015 13:00",24.7
"877","10/6/2015 13:10",25.1
"878","10/6/2015 13:20",25.4
"879","10/6/2015 13:30",25.7
"880","10/6/2015 13:40",26
"881","10/6/2015 13:50",26.4
"882","10/6/2015 14:00",26.7
"883","10/6/2015 14:10",26.9
"884","10/6/2015 14:20",27.2
"885","10/6/2015 14:30",27.5
"886","10/6/2015 14:40",27.7
"887","10/6/2015 14:50",27.9
"888","10/6/2015 15:00",28.1
"889","10/6/2015 15:10",28.3
"890","10/6/2015 15:20",28.5
"891","10/6/2015 15:30",28.6
"892","10/6/2015 15:40",28.7
"893","10/6/2015 15:50",28.7
"894","10/6/2015 16:00",28.7
"895","10/6/2015 16:10",28.6
"896","10/6/2015 16:20",28.4
"897","10/6/2015 16:30",28.3
"898","10/6/2015 16:40",28
"899","10/6/2015 16:50",27.8
"900","10/6/2015 17:00",27.5
"901","10/6/2015 17:10",27.2
"902","10/6/2015 17:20",26.9
"903","10/6/2015 17:30",26.4
"904","10/6/2015 17:40",26
"905","10/6/2015 17:50",25.5
"906","10/6/2015 18:00",25
"907","10/6/2015 18:10",24.6
"908","10/6/2015 18:20",24.3
"909","10/6/2015 18:30",23.9
"910","10/6/2015 18:40",23.5
"911","10/6/2015 18:50",23.2
"912","10/6/2015 19:00",22.8
"913","10/6/2015 19:10",22.5
"914","10/6/2015 19:20",22.2
"915","10/6/2015 19:30",22
"916","10/6/2015 19:40",21.8
"917","10/6/2015 19:50",21.5
"918","10/6/2015 20:00",21.2
"919","10/6/2015 20:10",21
"920","10/6/2015 20:20",20.7
"921","10/6/2015 20:30",20.5
"922","10/6/2015 20:40",20.3
"923","10/6/2015 20:50",20.2
"924","10/6/2015 21:00",20
"925","10/6/2015 21:10",19.9
"926","10/6/2015 21:20",19.9
"927","10/6/2015 21:30",19.7
"928","10/6/2015 21:40",19.5
"929","10/6/2015 21:50",19.3
"930","10/6/2015 22:00",19.2
"931","10/6/2015 22:10",19
"932","10/6/2015 22:20",18.9
"933","10/6/2015 22:30",18.7
"934","10/6/2015 22:40",18.6
"935","10/6/2015 22:50",18.5
"936","10/6/2015 23:00",18.4
"937","10/6/2015 23:10",18.3
"938","10/6/2015 23:20",18.1
"939","10/6/2015 23:30",18
"940","10/6/2015 23:40",17.9
"941","10/6/2015 23:50",17.8
"942","10/7/2015 0:00",17.6
"943","10/7/2015 0:10",17.5
"944","10/7/2015 0:20",17.3
"945","10/7/2015 0:30",17.2
"946","10/7/2015 0:40",17.1
"947","10/7/2015 0:50",17
"948","10/7/2015 1:00",16.8
"949","10/7/2015 1:10",16.7
"950","10/7/2015 1:20",16.6
"951","10/7/2015 1:30",16.5
"952","10/7/2015 1:40",16.4
"953","10/7/2015 1:50",16.3
"954","10/7/2015 2:00",16.1
"955","10/7/2015 2:10",16
"956","10/7/2015 2:20",16
"957","10/7/2015 2:30",15.9
"958","10/7/2015 2:40",15.8
"959","10/7/2015 2:50",15.7
"960","10/7/2015 3:00",15.6
"961","10/7/2015 3:10",15.5
"962","10/7/2015 3:20",15.3
"963","10/7/2015 3:30",15.2
"964","10/7/2015 3:40",15.1
"965","10/7/2015 3:50",15
"966","10/7/2015 4:00",14.8
"967","10/7/2015 4:10",14.7
"968","10/7/2015 4:20",14.6
"969","10/7/2015 4:30",14.5
"970","10/7/2015 4:40",14.4
"971","10/7/2015 4:50",14.3
"972","10/7/2015 5:00",14.2
"973","10/7/2015 5:10",14.1
"974","10/7/2015 5:20",14
"975","10/7/2015 5:30",13.9
"976","10/7/2015 5:40",13.8
"977","10/7/2015 5:50",13.8
"978","10/7/2015 6:00",13.7
"979","10/7/2015 6:10",13.7
"980","10/7/2015 6:20",13.6
"981","10/7/2015 6:30",13.6
"982","10/7/2015 6:40",13.5
"983","10/7/2015 6:50",13.5
"984","10/7/2015 7:00",13.4
"985","10/7/2015 7:10",13.3
"986","10/7/2015 7:20",13.2
"987","10/7/2015 7:30",13.2
"988","10/7/2015 7:40",13.1
"989","10/7/2015 7:50",13
"990","10/7/2015 8:00",12.9
"991","10/7/2015 8:10",12.9
"992","10/7/2015 8:20",12.9
"993","10/7/2015 8:30",13.7
"994","10/7/2015 8:40",13.7
"995","10/7/2015 8:50",13.8
"996","10/7/2015 9:00",13.9
"997","10/7/2015 9:10",14.1
"998","10/7/2015 9:20",14.3
"999","10/7/2015 9:30",14.7
"1000","10/7/2015 9:40",15.1
"1001","10/7/2015 9:50",15.5
"1002","10/7/2015 10:00",16
"1003","10/7/2015 10:10",16.4
"1004","10/7/2015 10:20",17
"1005","10/7/2015 10:30",17.6
"1006","10/7/2015 10:40",18.1
"1007","10/7/2015 10:50",18.6
"1008","10/7/2015 11:00",19.2
"1009","10/7/2015 11:10",19.8
"1010","10/7/2015 11:20",20.2
"1011","10/7/2015 11:30",20.8
"1012","10/7/2015 11:40",21.5
"1013","10/7/2015 11:50",22.2
"1014","10/7/2015 12:00",23
"1015","10/7/2015 12:10",23.7
"1016","10/7/2015 12:20",24.3
"1017","10/7/2015 12:30",24.8
"1018","10/7/2015 12:40",25.5
"1019","10/7/2015 12:50",26.1
"1020","10/7/2015 13:00",26.6
"1021","10/7/2015 13:10",27.2
"1022","10/7/2015 13:20",27.7
"1023","10/7/2015 13:30",28.2
"1024","10/7/2015 13:40",28.7
"1025","10/7/2015 13:50",29.1
"1026","10/7/2015 14:00",29.6
"1027","10/7/2015 14:10",30.2
"1028","10/7/2015 14:20",30.2
"1029","10/7/2015 14:30",30.4
"1030","10/7/2015 14:40",30.6
"1031","10/7/2015 14:50",30.7
"1032","10/7/2015 15:00",30.8
"1033","10/7/2015 15:10",30.8
"1034","10/7/2015 15:20",30.9
"1035","10/7/2015 15:30",30.9
"1036","10/7/2015 15:40",30.9
"1037","10/7/2015 15:50",30.9
"1038","10/7/2015 16:00",30.8
"1039","10/7/2015 16:10",30.8
"1040","10/7/2015 16:20",30.6
"1041","10/7/2015 16:30",30.4
"1042","10/7/2015 16:40",30.2
"1043","10/7/2015 16:50",30
"1044","10/7/2015 17:00",29.7
"1045","10/7/2015 17:10",29.4
"1046","10/7/2015 17:20",29.1
"1047","10/7/2015 17:30",28.7
"1048","10/7/2015 17:40",28.4
"1049","10/7/2015 17:50",28
"1050","10/7/2015 18:00",27.6
"1051","10/7/2015 18:10",27.2
"1052","10/7/2015 18:20",26.9
"1053","10/7/2015 18:30",26.5
"1054","10/7/2015 18:40",26.1
"1055","10/7/2015 18:50",25.9
"1056","10/7/2015 19:00",25.5
"1057","10/7/2015 19:10",25.2
"1058","10/7/2015 19:20",24.7
"1059","10/7/2015 19:30",24.4
"1060","10/7/2015 19:40",24.1
"1061","10/7/2015 19:50",23.9
"1062","10/7/2015 20:00",23.6
"1063","10/7/2015 20:10",23.2
"1064","10/7/2015 20:20",23
"1065","10/7/2015 20:30",22.8
"1066","10/7/2015 20:40",22.6
"1067","10/7/2015 20:50",22.4
"1068","10/7/2015 21:00",22.3
"1069","10/7/2015 21:10",22.1
"1070","10/7/2015 21:20",22
"1071","10/7/2015 21:30",21.9
"1072","10/7/2015 21:40",21.8
"1073","10/7/2015 21:50",21.6
"1074","10/7/2015 22:00",21.5
"1075","10/7/2015 22:10",21.3
"1076","10/7/2015 22:20",21.2
"1077","10/7/2015 22:30",21.1
"1078","10/7/2015 22:40",20.9
"1079","10/7/2015 22:50",20.8
"1080","10/7/2015 23:00",20.6
"1081","10/7/2015 23:10",20.4
"1082","10/7/2015 23:20",20.3
"1083","10/7/2015 23:30",20.1
"1084","10/7/2015 23:40",20
"1085","10/7/2015 23:50",19.9
"1086","10/8/2015 0:00",19.6
"1087","10/8/2015 0:10",19.5
"1088","10/8/2015 0:20",19.3
"1089","10/8/2015 0:30",19.1
"1090","10/8/2015 0:40",18.9
"1091","10/8/2015 0:50",18.8
"1092","10/8/2015 1:00",18.6
"1093","10/8/2015 1:10",18.4
"1094","10/8/2015 1:20",18.3
"1095","10/8/2015 1:30",18.2
"1096","10/8/2015 1:40",18
"1097","10/8/2015 1:50",18
"1098","10/8/2015 2:00",17.9
"1099","10/8/2015 2:10",17.7
"1100","10/8/2015 2:20",17.6
"1101","10/8/2015 2:30",17.5
"1102","10/8/2015 2:40",17.4
"1103","10/8/2015 2:50",17.3
"1104","10/8/2015 3:00",17.2
"1105","10/8/2015 3:10",17
"1106","10/8/2015 3:20",17
"1107","10/8/2015 3:30",16.9
"1108","10/8/2015 3:40",16.8
"1109","10/8/2015 3:50",16.7
"1110","10/8/2015 4:00",16.6
"1111","10/8/2015 4:10",16.5
"1112","10/8/2015 4:20",16.4
"1113","10/8/2015 4:30",16.3
"1114","10/8/2015 4:40",16.2
"1115","10/8/2015 4:50",16.1
"1116","10/8/2015 5:00",16
"1117","10/8/2015 5:10",16
"1118","10/8/2015 5:20",15.9
"1119","10/8/2015 5:30",15.8
"1120","10/8/2015 5:40",15.7
"1121","10/8/2015 5:50",15.6
"1122","10/8/2015 6:00",15.5
"1123","10/8/2015 6:10",15.4
"1124","10/8/2015 6:20",15.4
"1125","10/8/2015 6:30",15.2
"1126","10/8/2015 6:40",15.2
"1127","10/8/2015 6:50",15.1
"1128","10/8/2015 7:00",15
"1129","10/8/2015 7:10",14.9
"1130","10/8/2015 7:20",14.8
"1131","10/8/2015 7:30",14.8
"1132","10/8/2015 7:40",14.7
"1133","10/8/2015 7:50",14.6
"1134","10/8/2015 8:00",14.5
"1135","10/8/2015 8:10",14.4
"1136","10/8/2015 8:20",14.4
"1137","10/8/2015 8:30",14.6
"1138","10/8/2015 8:40",14.8
"1139","10/8/2015 8:50",14.9
"1140","10/8/2015 9:00",15.1
"1141","10/8/2015 9:10",15.3
"1142","10/8/2015 9:20",15.6
"1143","10/8/2015 9:30",16
"1144","10/8/2015 9:40",16.3
"1145","10/8/2015 9:50",16.8
"1146","10/8/2015 10:00",17.4
"1147","10/8/2015 10:10",17.9
"1148","10/8/2015 10:20",18.2
"1149","10/8/2015 10:30",18.7
"1150","10/8/2015 10:40",19.2
"1151","10/8/2015 10:50",19.9
"1152","10/8/2015 11:00",20.4
"1153","10/8/2015 11:10",21.1
"1154","10/8/2015 11:20",21.7
"1155","10/8/2015 11:30",22.2
"1156","10/8/2015 11:40",22.9
"1157","10/8/2015 11:50",23.7
"1158","10/8/2015 12:00",24.4
"1159","10/8/2015 12:10",24.9
"1160","10/8/2015 12:20",25.5
"1161","10/8/2015 12:30",26
"1162","10/8/2015 12:40",26.4
"1163","10/8/2015 12:50",26.6
"1164","10/8/2015 13:00",27
"1165","10/8/2015 13:10",27.2
"1166","10/8/2015 13:20",27.5
"1167","10/8/2015 13:30",27.8
"1168","10/8/2015 13:40",28.2
"1169","10/8/2015 13:50",28.6
"1170","10/8/2015 14:00",29
"1171","10/8/2015 14:10",29.1
"1172","10/8/2015 14:20",29.3
"1173","10/8/2015 14:30",29.5
"1174","10/8/2015 14:40",29.4
"1175","10/8/2015 14:50",29.4
"1176","10/8/2015 15:00",29.6
"1177","10/8/2015 15:10",29.6
"1178","10/8/2015 15:20",29.7
"1179","10/8/2015 15:30",29.7
"1180","10/8/2015 15:40",29.5
"1181","10/8/2015 15:50",29.4
"1182","10/8/2015 16:00",29.2
"1183","10/8/2015 16:10",29
"1184","10/8/2015 16:20",28.8
"1185","10/8/2015 16:30",28.6
"1186","10/8/2015 16:40",28.5
"1187","10/8/2015 16:50",28.3
"1188","10/8/2015 17:00",27.9
"1189","10/8/2015 17:10",27.4
"1190","10/8/2015 17:20",27
"1191","10/8/2015 17:30",26.8
"1192","10/8/2015 17:40",26.5
"1193","10/8/2015 17:50",26.2
"1194","10/8/2015 18:00",25.8
"1195","10/8/2015 18:10",25.4
"1196","10/8/2015 18:20",25
"1197","10/8/2015 18:30",24.5
"1198","10/8/2015 18:40",24.2
"1199","10/8/2015 18:50",23.9
"1200","10/8/2015 19:00",23.5
"1201","10/8/2015 19:10",23.2
"1202","10/8/2015 19:20",22.8
"1203","10/8/2015 19:30",22.4
"1204","10/8/2015 19:40",22.1
"1205","10/8/2015 19:50",21.8
"1206","10/8/2015 20:00",21.5
"1207","10/8/2015 20:10",21.2
"1208","10/8/2015 20:20",20.9
"1209","10/8/2015 20:30",20.6
"1210","10/8/2015 20:40",20.5
"1211","10/8/2015 20:50",20.3
"1212","10/8/2015 21:00",20.1
"1213","10/8/2015 21:10",20
"1214","10/8/2015 21:20",19.9
"1215","10/8/2015 21:30",19.8
"1216","10/8/2015 21:40",19.7
"1217","10/8/2015 21:50",19.5
"1218","10/8/2015 22:00",19.4
"1219","10/8/2015 22:10",19.4
"1220","10/8/2015 22:20",19.3
"1221","10/8/2015 22:30",19.2
"1222","10/8/2015 22:40",19.2
"1223","10/8/2015 22:50",19.1
"1224","10/8/2015 23:00",19.1
"1225","10/8/2015 23:10",19.1
"1226","10/8/2015 23:20",19
"1227","10/8/2015 23:30",19
"1228","10/8/2015 23:40",19
"1229","10/8/2015 23:50",19
"1230","10/9/2015 0:00",19
"1231","10/9/2015 0:10",18.9
"1232","10/9/2015 0:20",18.9
"1233","10/9/2015 0:30",18.9
"1234","10/9/2015 0:40",18.8
"1235","10/9/2015 0:50",18.8
"1236","10/9/2015 1:00",18.7
"1237","10/9/2015 1:10",18.6
"1238","10/9/2015 1:20",18.6
"1239","10/9/2015 1:30",18.6
"1240","10/9/2015 1:40",18.5
"1241","10/9/2015 1:50",18.4
"1242","10/9/2015 2:00",18.3
"1243","10/9/2015 2:10",18.3
"1244","10/9/2015 2:20",18.2
"1245","10/9/2015 2:30",18.1
"1246","10/9/2015 2:40",18
"1247","10/9/2015 2:50",18
"1248","10/9/2015 3:00",18
"1249","10/9/2015 3:10",17.9
"1250","10/9/2015 3:20",17.8
"1251","10/9/2015 3:30",17.7
"1252","10/9/2015 3:40",17.6
"1253","10/9/2015 3:50",17.6
"1254","10/9/2015 4:00",17.6
"1255","10/9/2015 4:10",17.5
"1256","10/9/2015 4:20",17.4
"1257","10/9/2015 4:30",17.4
"1258","10/9/2015 4:40",17.3
"1259","10/9/2015 4:50",17.2
"1260","10/9/2015 5:00",17.1
"1261","10/9/2015 5:10",17.1
"1262","10/9/2015 5:20",17
"1263","10/9/2015 5:30",16.9
"1264","10/9/2015 5:40",16.8
"1265","10/9/2015 5:50",16.7
"1266","10/9/2015 6:00",16.6
"1267","10/9/2015 6:10",16.6
"1268","10/9/2015 6:20",16.6
"1269","10/9/2015 6:30",16.6
"1270","10/9/2015 6:40",16.5
"1271","10/9/2015 6:50",16.5
"1272","10/9/2015 7:00",16.5
"1273","10/9/2015 7:10",16.5
"1274","10/9/2015 7:20",16.4
"1275","10/9/2015 7:30",16.4
"1276","10/9/2015 7:40",16.3
"1277","10/9/2015 7:50",16.3
"1278","10/9/2015 8:00",16.3
"1279","10/9/2015 8:10",16.3
"1280","10/9/2015 8:20",16.3
"1281","10/9/2015 8:30",16.4
"1282","10/9/2015 8:40",16.6
"1283","10/9/2015 8:50",16.7
"1284","10/9/2015 9:00",17.4
"1285","10/9/2015 9:10",17.4
"1286","10/9/2015 9:20",17.4
"1287","10/9/2015 9:30",17.3
"1288","10/9/2015 9:40",17.2
"1289","10/9/2015 9:50",17.2
"1290","10/9/2015 10:00",17.3
"1291","10/9/2015 10:10",17.3
"1292","10/9/2015 10:20",17.4
"1293","10/9/2015 10:30",17.3
"1294","10/9/2015 10:40",17.4
"1295","10/9/2015 10:50",17.3
"1296","10/9/2015 11:00",17.3
"1297","10/9/2015 11:10",17.3
"1298","10/9/2015 11:20",17.3
"1299","10/9/2015 11:30",17.3
"1300","10/9/2015 11:40",17.3
"1301","10/9/2015 11:50",17.4
"1302","10/9/2015 12:00",22
"1303","10/9/2015 12:10",21.7
"1304","10/9/2015 12:20",21.3
"1305","10/9/2015 12:30",21.5
"1306","10/9/2015 12:40",22.7
"1307","10/9/2015 12:50",23.8
"1308","10/9/2015 13:00",23
"1309","10/9/2015 13:10",23.8
"1310","10/9/2015 13:20",23.8
"1311","10/9/2015 13:30",24.6
"1312","10/9/2015 13:40",24.6
"1313","10/9/2015 13:50",25.8
"1314","10/9/2015 14:00",25.2
"1315","10/9/2015 14:10",25.8
"1316","10/9/2015 14:20",26.2
"1317","10/9/2015 14:30",25.5
"1318","10/9/2015 14:40",24.9
"1319","10/9/2015 14:50",25.2
"1320","10/9/2015 15:00",25.2
"1321","10/9/2015 15:10",24.4
"1322","10/9/2015 15:20",24.4
"1323","10/9/2015 15:30",23.7
"1324","10/9/2015 15:40",23.1
"1325","10/9/2015 15:50",23.2
"1326","10/9/2015 16:00",22.9
"1327","10/9/2015 16:10",22.5
"1328","10/9/2015 16:20",22
"1329","10/9/2015 16:30",21.4
"1330","10/9/2015 16:40",21
"1331","10/9/2015 16:50",20.7
"1332","10/9/2015 17:00",20.3
"1333","10/9/2015 17:10",20.1
"1334","10/9/2015 17:20",19.9
"1335","10/9/2015 17:30",19.9
"1336","10/9/2015 17:40",19.8
"1337","10/9/2015 17:50",19.7
"1338","10/9/2015 18:00",19.7
"1339","10/9/2015 18:10",19.5
"1340","10/9/2015 18:20",19.4
"1341","10/9/2015 18:30",19.1
"1342","10/9/2015 18:40",18.9
"1343","10/9/2015 18:50",18.8
"1344","10/9/2015 19:00",18.7
"1345","10/9/2015 19:10",18.5
"1346","10/9/2015 19:20",18.2
"1347","10/9/2015 19:30",18
"1348","10/9/2015 19:40",17.9
"1349","10/9/2015 19:50",17.7
"1350","10/9/2015 20:00",17.5
"1351","10/9/2015 20:10",17.3
"1352","10/9/2015 20:20",17.2
"1353","10/9/2015 20:30",17
"1354","10/9/2015 20:40",16.7
"1355","10/9/2015 20:50",16.5
"1356","10/9/2015 21:00",16.4
"1357","10/9/2015 21:10",16.3
"1358","10/9/2015 21:20",16.3
"1359","10/9/2015 21:30",16.2
"1360","10/9/2015 21:40",16.1
"1361","10/9/2015 21:50",16
"1362","10/9/2015 22:00",15.8
"1363","10/9/2015 22:10",15.7
"1364","10/9/2015 22:20",15.5
"1365","10/9/2015 22:30",15.3
"1366","10/9/2015 22:40",15.2
"1367","10/9/2015 22:50",15.1
"1368","10/9/2015 23:00",15
"1369","10/9/2015 23:10",14.9
"1370","10/9/2015 23:20",14.8
"1371","10/9/2015 23:30",14.6
"1372","10/9/2015 23:40",14.4
"1373","10/9/2015 23:50",14.3
"1374","10/10/2015 0:00",14.2
"1375","10/10/2015 0:10",14
"1376","10/10/2015 0:20",13.8
"1377","10/10/2015 0:30",13.7
"1378","10/10/2015 0:40",13.6
"1379","10/10/2015 0:50",13.4
"1380","10/10/2015 1:00",13.3
"1381","10/10/2015 1:10",13.2
"1382","10/10/2015 1:20",13
"1383","10/10/2015 1:30",12.8
"1384","10/10/2015 1:40",12.6
"1385","10/10/2015 1:50",12.5
"1386","10/10/2015 2:00",12.4
"1387","10/10/2015 2:10",12.3
"1388","10/10/2015 2:20",12.1
"1389","10/10/2015 2:30",12
"1390","10/10/2015 2:40",11.9
"1391","10/10/2015 2:50",11.8
"1392","10/10/2015 3:00",11.7
"1393","10/10/2015 3:10",11.6
"1394","10/10/2015 3:20",11.6
"1395","10/10/2015 3:30",11.4
"1396","10/10/2015 3:40",11.3
"1397","10/10/2015 3:50",11.2
"1398","10/10/2015 4:00",11.1
"1399","10/10/2015 4:10",11
"1400","10/10/2015 4:20",10.9
"1401","10/10/2015 4:30",10.8
"1402","10/10/2015 4:40",10.7
"1403","10/10/2015 4:50",10.7
"1404","10/10/2015 5:00",10.6
"1405","10/10/2015 5:10",10.5
"1406","10/10/2015 5:20",10.4
"1407","10/10/2015 5:30",10.3
"1408","10/10/2015 5:40",10.2
"1409","10/10/2015 5:50",10.1
"1410","10/10/2015 6:00",10
"1411","10/10/2015 6:10",9.9
"1412","10/10/2015 6:20",9.8
"1413","10/10/2015 6:30",9.8
"1414","10/10/2015 6:40",9.7
"1415","10/10/2015 6:50",9.6
"1416","10/10/2015 7:00",9.5
"1417","10/10/2015 7:10",9.9
"1418","10/10/2015 7:20",9.8
"1419","10/10/2015 7:30",9.7
"1420","10/10/2015 7:40",9.6
"1421","10/10/2015 7:50",9.6
"1422","10/10/2015 8:00",9.5
"1423","10/10/2015 8:10",9.4
"1424","10/10/2015 8:20",9.4
"1425","10/10/2015 8:30",9.4
"1426","10/10/2015 8:40",9.5
"1427","10/10/2015 8:50",9.6
"1428","10/10/2015 9:00",9.7
"1429","10/10/2015 9:10",9.9
"1430","10/10/2015 9:20",10.2
"1431","10/10/2015 9:30",10.6
"1432","10/10/2015 9:40",10.8
"1433","10/10/2015 9:50",11.4
"1434","10/10/2015 10:00",12
"1435","10/10/2015 10:10",12.7
"1436","10/10/2015 10:20",13.5
"1437","10/10/2015 10:30",14.3
"1438","10/10/2015 10:40",15.3
"1439","10/10/2015 10:50",16
"1440","10/10/2015 11:00",16.2
"1441","10/10/2015 11:10",17.4
"1442","10/10/2015 11:20",18
"1443","10/10/2015 11:30",19.1
"1444","10/10/2015 11:40",19.7
"1445","10/10/2015 11:50",20.4
"1446","10/10/2015 12:00",21.6
"1447","10/10/2015 12:10",22.7
"1448","10/10/2015 12:20",23.8
"1449","10/10/2015 12:30",24.7
"1450","10/10/2015 12:40",25.7
"1451","10/10/2015 12:50",26.4
"1452","10/10/2015 13:00",27.1
"1453","10/10/2015 13:10",27.7
"1454","10/10/2015 13:20",28.2
"1455","10/10/2015 13:30",28.6
"1456","10/10/2015 13:40",28.9
"1457","10/10/2015 13:50",29.5
"1458","10/10/2015 14:00",29.5
"1459","10/10/2015 14:10",29.9
"1460","10/10/2015 14:20",30
"1461","10/10/2015 14:30",29.6
"1462","10/10/2015 14:40",29.5
"1463","10/10/2015 14:50",28.3
"1464","10/10/2015 15:00",28.3
"1465","10/10/2015 15:10",29.7
"1466","10/10/2015 15:20",29.4
"1467","10/10/2015 15:30",29.5
"1468","10/10/2015 15:40",28.8
"1469","10/10/2015 15:50",28.3
"1470","10/10/2015 16:00",28.5
"1471","10/10/2015 16:10",26.8
"1472","10/10/2015 16:20",26
"1473","10/10/2015 16:30",24.6
"1474","10/10/2015 16:40",24.4
"1475","10/10/2015 16:50",24.3
"1476","10/10/2015 17:00",23.6
"1477","10/10/2015 17:10",23.6
"1478","10/10/2015 17:20",22.5
"1479","10/10/2015 17:30",21.3
"1480","10/10/2015 17:40",20.5
"1481","10/10/2015 17:50",20
"1482","10/10/2015 18:00",19.6
"1483","10/10/2015 18:10",19
"1484","10/10/2015 18:20",18.7
"1485","10/10/2015 18:30",18.4
"1486","10/10/2015 18:40",18
"1487","10/10/2015 18:50",17.8
"1488","10/10/2015 19:00",17.6
"1489","10/10/2015 19:10",17.4
"1490","10/10/2015 19:20",17.1
"1491","10/10/2015 19:30",16.9
"1492","10/10/2015 19:40",16.6
"1493","10/10/2015 19:50",16.4
"1494","10/10/2015 20:00",16.2
"1495","10/10/2015 20:10",16.1
"1496","10/10/2015 20:20",16
"1497","10/10/2015 20:30",15.9
"1498","10/10/2015 20:40",15.6
"1499","10/10/2015 20:50",15.4
"1500","10/10/2015 21:00",15.3
"1501","10/10/2015 21:10",15.2
"1502","10/10/2015 21:20",15.1
"1503","10/10/2015 21:30",15.1
"1504","10/10/2015 21:40",15
"1505","10/10/2015 21:50",15
"1506","10/10/2015 22:00",14.9
"1507","10/10/2015 22:10",14.8
"1508","10/10/2015 22:20",14.8
"1509","10/10/2015 22:30",14.7
"1510","10/10/2015 22:40",14.6
"1511","10/10/2015 22:50",14.5
"1512","10/10/2015 23:00",14.4
"1513","10/10/2015 23:10",14.3
"1514","10/10/2015 23:20",14.2
"1515","10/10/2015 23:30",14.1
"1516","10/10/2015 23:40",14
"1517","10/10/2015 23:50",13.9
"1518","10/11/2015 0:00",13.8
"1519","10/11/2015 0:10",13.8
"1520","10/11/2015 0:20",13.7
"1521","10/11/2015 0:30",13.7
"1522","10/11/2015 0:40",13.6
"1523","10/11/2015 0:50",13.5
"1524","10/11/2015 1:00",13.4
"1525","10/11/2015 1:10",13.3
"1526","10/11/2015 1:20",13.2
"1527","10/11/2015 1:30",13.1
"1528","10/11/2015 1:40",13.1
"1529","10/11/2015 1:50",13
"1530","10/11/2015 2:00",12.9
"1531","10/11/2015 2:10",12.8
"1532","10/11/2015 2:20",12.7
"1533","10/11/2015 2:30",12.7
"1534","10/11/2015 2:40",12.7
"1535","10/11/2015 2:50",12.6
"1536","10/11/2015 3:00",12.5
"1537","10/11/2015 3:10",12.5
"1538","10/11/2015 3:20",12.4
"1539","10/11/2015 3:30",12.4
"1540","10/11/2015 3:40",12.3
"1541","10/11/2015 3:50",12.2
"1542","10/11/2015 4:00",12.2
"1543","10/11/2015 4:10",12.2
"1544","10/11/2015 4:20",12.3
"1545","10/11/2015 4:30",12.4
"1546","10/11/2015 4:40",12.4
"1547","10/11/2015 4:50",12.4
"1548","10/11/2015 5:00",12.3
"1549","10/11/2015 5:10",12.2
"1550","10/11/2015 5:20",12.1
"1551","10/11/2015 5:30",12
"1552","10/11/2015 5:40",11.9
"1553","10/11/2015 5:50",11.7
"1554","10/11/2015 6:00",11.7
"1555","10/11/2015 6:10",11.6
"1556","10/11/2015 6:20",11.5
"1557","10/11/2015 6:30",11.4
"1558","10/11/2015 6:40",11.3
"1559","10/11/2015 6:50",11.3
"1560","10/11/2015 7:00",11.2
"1561","10/11/2015 7:10",11.6
"1562","10/11/2015 7:20",11.6
"1563","10/11/2015 7:30",11.5
"1564","10/11/2015 7:40",11.4
"1565","10/11/2015 7:50",11.4
"1566","10/11/2015 8:00",11.3
"1567","10/11/2015 8:10",11.3
"1568","10/11/2015 8:20",11.3
"1569","10/11/2015 8:30",11.3
"1570","10/11/2015 8:40",11.4
"1571","10/11/2015 8:50",11.5
"1572","10/11/2015 9:00",11.9
"1573","10/11/2015 9:10",12.3
"1574","10/11/2015 9:20",12.8
"1575","10/11/2015 9:30",13.3
"1576","10/11/2015 9:40",13.7
"1577","10/11/2015 9:50",13.9
"1578","10/11/2015 10:00",14.1
"1579","10/11/2015 10:10",14.4
"1580","10/11/2015 10:20",14.8
"1581","10/11/2015 10:30",15.1
"1582","10/11/2015 10:40",15.5
"1583","10/11/2015 10:50",15.9
"1584","10/11/2015 11:00",16
"1585","10/11/2015 11:10",16.3
"1586","10/11/2015 11:20",16.8
"1587","10/11/2015 11:30",17.4
"1588","10/11/2015 11:40",18
"1589","10/11/2015 11:50",18.9
"1590","10/11/2015 12:00",19.4
"1591","10/11/2015 12:10",19.4
"1592","10/11/2015 12:20",19.1
"1593","10/11/2015 12:30",19.3
"1594","10/11/2015 12:40",19.1
"1595","10/11/2015 12:50",19
"1596","10/11/2015 13:00",19
"1597","10/11/2015 13:10",19
"1598","10/11/2015 13:20",19.1
"1599","10/11/2015 13:30",19
"1600","10/11/2015 13:40",19.2
"1601","10/11/2015 13:50",20.9
"1602","10/11/2015 14:00",22.3
"1603","10/11/2015 14:10",24.2
"1604","10/11/2015 14:20",24.2
"1605","10/11/2015 14:30",25.6
"1606","10/11/2015 14:40",25.3
"1607","10/11/2015 14:50",25.7
"1608","10/11/2015 15:00",25.7
"1609","10/11/2015 15:10",26.1
"1610","10/11/2015 15:20",26.3
"1611","10/11/2015 15:30",25.7
"1612","10/11/2015 15:40",25.1
"1613","10/11/2015 15:50",25.7
"1614","10/11/2015 16:00",24.7
"1615","10/11/2015 16:10",24.6
"1616","10/11/2015 16:20",23.8
"1617","10/11/2015 16:30",23.9
"1618","10/11/2015 16:40",23.1
"1619","10/11/2015 16:50",23
"1620","10/11/2015 17:00",22.5
"1621","10/11/2015 17:10",22.2
"1622","10/11/2015 17:20",21.6
"1623","10/11/2015 17:30",21.2
"1624","10/11/2015 17:40",20.9
"1625","10/11/2015 17:50",20.7
"1626","10/11/2015 18:00",20.4
"1627","10/11/2015 18:10",19.9
"1628","10/11/2015 18:20",19.6
"1629","10/11/2015 18:30",19.2
"1630","10/11/2015 18:40",18.9
"1631","10/11/2015 18:50",18.5
"1632","10/11/2015 19:00",18.3
"1633","10/11/2015 19:10",18
"1634","10/11/2015 19:20",18
"1635","10/11/2015 19:30",17.8
"1636","10/11/2015 19:40",17.6
"1637","10/11/2015 19:50",17.4
"1638","10/11/2015 20:00",17.2
"1639","10/11/2015 20:10",17.1
"1640","10/11/2015 20:20",16.9
"1641","10/11/2015 20:30",16.8
"1642","10/11/2015 20:40",16.6
"1643","10/11/2015 20:50",16.5
"1644","10/11/2015 21:00",16.4
"1645","10/11/2015 21:10",16.4
"1646","10/11/2015 21:20",16.3
"1647","10/11/2015 21:30",16.3
"1648","10/11/2015 21:40",16.2
"1649","10/11/2015 21:50",16.2
"1650","10/11/2015 22:00",16.1
"1651","10/11/2015 22:10",16
"1652","10/11/2015 22:20",16
"1653","10/11/2015 22:30",15.9
"1654","10/11/2015 22:40",15.8
"1655","10/11/2015 22:50",15.7
"1656","10/11/2015 23:00",15.5
"1657","10/11/2015 23:10",15.4
"1658","10/11/2015 23:20",15.3
"1659","10/11/2015 23:30",15.2
"1660","10/11/2015 23:40",15
"1661","10/11/2015 23:50",14.9
"1662","10/12/2015 0:00",14.8
"1663","10/12/2015 0:10",14.7
"1664","10/12/2015 0:20",14.6
"1665","10/12/2015 0:30",14.6
"1666","10/12/2015 0:40",14.5
"1667","10/12/2015 0:50",14.4
"1668","10/12/2015 1:00",14.4
"1669","10/12/2015 1:10",14.3
"1670","10/12/2015 1:20",14.3
"1671","10/12/2015 1:30",14.2
"1672","10/12/2015 1:40",14.2
"1673","10/12/2015 1:50",13.9
"1674","10/12/2015 2:00",13.8
"1675","10/12/2015 2:10",13.8
"1676","10/12/2015 2:20",13.8
"1677","10/12/2015 2:30",13.8
"1678","10/12/2015 2:40",13.8
"1679","10/12/2015 2:50",13.8
"1680","10/12/2015 3:00",13.6
"1681","10/12/2015 3:10",13.5
"1682","10/12/2015 3:20",13.4
"1683","10/12/2015 3:30",13.4
"1684","10/12/2015 3:40",13.3
"1685","10/12/2015 3:50",13.2
"1686","10/12/2015 4:00",13.1
"1687","10/12/2015 4:10",13.1
"1688","10/12/2015 4:20",13.1
"1689","10/12/2015 4:30",13
"1690","10/12/2015 4:40",12.9
"1691","10/12/2015 4:50",12.7
"1692","10/12/2015 5:00",12.7
"1693","10/12/2015 5:10",12.6
"1694","10/12/2015 5:20",12.5
"1695","10/12/2015 5:30",12.4
"1696","10/12/2015 5:40",12.3
"1697","10/12/2015 5:50",12.2
"1698","10/12/2015 6:00",12.2
"1699","10/12/2015 6:10",12.1
"1700","10/12/2015 6:20",12
"1701","10/12/2015 6:30",11.9
"1702","10/12/2015 6:40",11.8
"1703","10/12/2015 6:50",11.7
"1704","10/12/2015 7:00",11.6
"1705","10/12/2015 7:10",12.2
"1706","10/12/2015 7:20",12.1
"1707","10/12/2015 7:30",12.1
"1708","10/12/2015 7:40",12
"1709","10/12/2015 7:50",11.9
"1710","10/12/2015 8:00",11.9
"1711","10/12/2015 8:10",11.9
"1712","10/12/2015 8:20",12.3
"1713","10/12/2015 8:30",12.4
"1714","10/12/2015 8:40",12.5
"1715","10/12/2015 8:50",12.6
"1716","10/12/2015 9:00",12.8
"1717","10/12/2015 9:10",12.9
"1718","10/12/2015 9:20",13.1
"1719","10/12/2015 9:30",13.2
"1720","10/12/2015 9:40",13.4
"1721","10/12/2015 9:50",13.7
"1722","10/12/2015 10:00",13.8
"1723","10/12/2015 10:10",17.3
"1724","10/12/2015 10:20",17.4
"1725","10/12/2015 10:30",17.4
"1726","10/12/2015 10:40",17.5
"1727","10/12/2015 10:50",17.5
"1728","10/12/2015 11:00",17.5
"1729","10/12/2015 11:10",17.5
"1730","10/12/2015 11:20",17.7
"1731","10/12/2015 11:30",18
"1732","10/12/2015 11:40",18.1
"1733","10/12/2015 11:50",18.3
"1734","10/12/2015 12:00",18.4
"1735","10/12/2015 12:10",18.4
"1736","10/12/2015 12:20",18.4
"1737","10/12/2015 12:30",18.5
"1738","10/12/2015 12:40",18.6
"1739","10/12/2015 12:50",18.7
"1740","10/12/2015 13:00",18.8
"1741","10/12/2015 13:10",18.9
"1742","10/12/2015 13:20",19
"1743","10/12/2015 13:30",19
"1744","10/12/2015 13:40",19
"1745","10/12/2015 13:50",19.1
"1746","10/12/2015 14:00",19.2
"1747","10/12/2015 14:10",19.6
"1748","10/12/2015 14:20",20
"1749","10/12/2015 14:30",20.5
"1750","10/12/2015 14:40",21
"1751","10/12/2015 14:50",21.5
"1752","10/12/2015 15:00",21.8
"1753","10/12/2015 15:10",23
"1754","10/12/2015 15:20",23.9
"1755","10/12/2015 15:30",24.4
"1756","10/12/2015 15:40",25
"1757","10/12/2015 15:50",25.4
"1758","10/12/2015 16:00",25.7
"1759","10/12/2015 16:10",25.9
"1760","10/12/2015 16:20",25.2
"1761","10/12/2015 16:30",24.8
"1762","10/12/2015 16:40",24.8
"1763","10/12/2015 16:50",24.6
"1764","10/12/2015 17:00",24.5
"1765","10/12/2015 17:10",23.9
"1766","10/12/2015 17:20",24.1
"1767","10/12/2015 17:30",23.8
"1768","10/12/2015 17:40",23.1
"1769","10/12/2015 17:50",22.8
"1770","10/12/2015 18:00",22.6
"1771","10/12/2015 18:10",22.4
"1772","10/12/2015 18:20",22.3
"1773","10/12/2015 18:30",22.2
"1774","10/12/2015 18:40",22
"1775","10/12/2015 18:50",22
"1776","10/12/2015 19:00",21.8
"1777","10/12/2015 19:10",21.5
"1778","10/12/2015 19:20",21.1
"1779","10/12/2015 19:30",20.9
"1780","10/12/2015 19:40",20.6
"1781","10/12/2015 19:50",20.5
"1782","10/12/2015 20:00",20.3
"1783","10/12/2015 20:10",20.2
"1784","10/12/2015 20:20",20.1
"1785","10/12/2015 20:30",19.9
"1786","10/12/2015 20:40",19.7
"1787","10/12/2015 20:50",19.5
"1788","10/12/2015 21:00",19.3
"1789","10/12/2015 21:10",19.1
"1790","10/12/2015 21:20",19
"1791","10/12/2015 21:30",18.8
"1792","10/12/2015 21:40",18.7
"1793","10/12/2015 21:50",18.6
"1794","10/12/2015 22:00",18.5
"1795","10/12/2015 22:10",18.4
"1796","10/12/2015 22:20",18.2
"1797","10/12/2015 22:30",18.1
"1798","10/12/2015 22:40",18
"1799","10/12/2015 22:50",18
"1800","10/12/2015 23:00",17.8
"1801","10/12/2015 23:10",17.7
"1802","10/12/2015 23:20",17.6
"1803","10/12/2015 23:30",17.5
"1804","10/12/2015 23:40",17.4
"1805","10/12/2015 23:50",17.3
"1806","10/13/2015 0:00",17.1
"1807","10/13/2015 0:10",17
"1808","10/13/2015 0:20",16.9
"1809","10/13/2015 0:30",16.8
"1810","10/13/2015 0:40",16.7
"1811","10/13/2015 0:50",16.6
"1812","10/13/2015 1:00",16.4
"1813","10/13/2015 1:10",16.4
"1814","10/13/2015 1:20",16.3
"1815","10/13/2015 1:30",16.1
"1816","10/13/2015 1:40",16
"1817","10/13/2015 1:50",16
"1818","10/13/2015 2:00",15.9
"1819","10/13/2015 2:10",15.8
"1820","10/13/2015 2:20",15.7
"1821","10/13/2015 2:30",15.7
"1822","10/13/2015 2:40",15.5
"1823","10/13/2015 2:50",15.5
"1824","10/13/2015 3:00",15.4
"1825","10/13/2015 3:10",15.3
"1826","10/13/2015 3:20",15.2
"1827","10/13/2015 3:30",15.1
"1828","10/13/2015 3:40",15
"1829","10/13/2015 3:50",14.9
"1830","10/13/2015 4:00",14.9
"1831","10/13/2015 4:10",14.8
"1832","10/13/2015 4:20",14.7
"1833","10/13/2015 4:30",14.6
"1834","10/13/2015 4:40",14.6
"1835","10/13/2015 4:50",14.5
"1836","10/13/2015 5:00",14.4
"1837","10/13/2015 5:10",14.3
"1838","10/13/2015 5:20",14.3
"1839","10/13/2015 5:30",14.2
"1840","10/13/2015 5:40",14.1
"1841","10/13/2015 5:50",14.1
"1842","10/13/2015 6:00",14
"1843","10/13/2015 6:10",13.9
"1844","10/13/2015 6:20",13.8
"1845","10/13/2015 6:30",13.8
"1846","10/13/2015 6:40",13.7
"1847","10/13/2015 6:50",13.7
"1848","10/13/2015 7:00",13.6
"1849","10/13/2015 7:10",13.8
"1850","10/13/2015 7:20",13.7
"1851","10/13/2015 7:30",13.6
"1852","10/13/2015 7:40",13.5
"1853","10/13/2015 7:50",13.5
"1854","10/13/2015 8:00",13.4
"1855","10/13/2015 8:10",13.4
"1856","10/13/2015 8:20",13.4
"1857","10/13/2015 8:30",13.4
"1858","10/13/2015 8:40",13.5
"1859","10/13/2015 8:50",13.7
"1860","10/13/2015 9:00",13.8
"1861","10/13/2015 9:10",13.8
"1862","10/13/2015 9:20",13.9
"1863","10/13/2015 9:30",14.2
"1864","10/13/2015 9:40",14.5
"1865","10/13/2015 9:50",14.9
"1866","10/13/2015 10:00",15.5
"1867","10/13/2015 10:10",16
"1868","10/13/2015 10:20",16.5
"1869","10/13/2015 10:30",17.2
"1870","10/13/2015 10:40",18
"1871","10/13/2015 10:50",18.7
"1872","10/13/2015 11:00",19.2
"1873","10/13/2015 11:10",19.7
"1874","10/13/2015 11:20",20.1
"1875","10/13/2015 11:30",20.8
"1876","10/13/2015 11:40",21.7
"1877","10/13/2015 11:50",22.4
"1878","10/13/2015 12:00",23.2
"1879","10/13/2015 12:10",24
"1880","10/13/2015 12:20",24.8
"1881","10/13/2015 12:30",25.6
"1882","10/13/2015 12:40",26.2
"1883","10/13/2015 12:50",26.4
"1884","10/13/2015 13:00",26
"1885","10/13/2015 13:10",26
"1886","10/13/2015 13:20",25.5
"1887","10/13/2015 13:30",25.2
"1888","10/13/2015 13:40",25.1
"1889","10/13/2015 13:50",25.5
"1890","10/13/2015 14:00",25.6
"1891","10/13/2015 14:10",25.7
"1892","10/13/2015 14:20",25.5
"1893","10/13/2015 14:30",25.3
"1894","10/13/2015 14:40",25
"1895","10/13/2015 14:50",24.6
"1896","10/13/2015 15:00",25.8
"1897","10/13/2015 15:10",26.5
"1898","10/13/2015 15:20",26.9
"1899","10/13/2015 15:30",26.2
"1900","10/13/2015 15:40",25.5
"1901","10/13/2015 15:50",24.9
"1902","10/13/2015 16:00",24.5
"1903","10/13/2015 16:10",25
"1904","10/13/2015 16:20",25.3
"1905","10/13/2015 16:30",24.9
"1906","10/13/2015 16:40",24.6
"1907","10/13/2015 16:50",24.1
"1908","10/13/2015 17:00",24.2
"1909","10/13/2015 17:10",23.9
"1910","10/13/2015 17:20",23.7
"1911","10/13/2015 17:30",23.4
"1912","10/13/2015 17:40",23
"1913","10/13/2015 17:50",22.8
"1914","10/13/2015 18:00",22.5
"1915","10/13/2015 18:10",22.1
"1916","10/13/2015 18:20",21.7
"1917","10/13/2015 18:30",21.2
"1918","10/13/2015 18:40",20.7
"1919","10/13/2015 18:50",20.3
"1920","10/13/2015 19:00",20.1
"1921","10/13/2015 19:10",19.9
"1922","10/13/2015 19:20",19.7
"1923","10/13/2015 19:30",19.4
"1924","10/13/2015 19:40",19.1
"1925","10/13/2015 19:50",18.8
"1926","10/13/2015 20:00",18.6
"1927","10/13/2015 20:10",18.4
"1928","10/13/2015 20:20",18.2
"1929","10/13/2015 20:30",18
"1930","10/13/2015 20:40",18
"1931","10/13/2015 20:50",17.9
"1932","10/13/2015 21:00",17.8
"1933","10/13/2015 21:10",17.7
"1934","10/13/2015 21:20",17.6
"1935","10/13/2015 21:30",17.5
"1936","10/13/2015 21:40",17.4
"1937","10/13/2015 21:50",17.4
"1938","10/13/2015 22:00",17.3
"1939","10/13/2015 22:10",17.2
"1940","10/13/2015 22:20",17.2
"1941","10/13/2015 22:30",17.1
"1942","10/13/2015 22:40",17
"1943","10/13/2015 22:50",17
"1944","10/13/2015 23:00",16.9
"1945","10/13/2015 23:10",16.8
"1946","10/13/2015 23:20",16.7
"1947","10/13/2015 23:30",16.7
"1948","10/13/2015 23:40",16.7
"1949","10/13/2015 23:50",16.6
"1950","10/14/2015 0:00",16.5
"1951","10/14/2015 0:10",16.5
"1952","10/14/2015 0:20",16.4
"1953","10/14/2015 0:30",16.4
"1954","10/14/2015 0:40",16.3
"1955","10/14/2015 0:50",16.2
"1956","10/14/2015 1:00",16.2
"1957","10/14/2015 1:10",16.1
"1958","10/14/2015 1:20",16.1
"1959","10/14/2015 1:30",16
"1960","10/14/2015 1:40",16
"1961","10/14/2015 1:50",16
"1962","10/14/2015 2:00",16
"1963","10/14/2015 2:10",15.9
"1964","10/14/2015 2:20",15.9
"1965","10/14/2015 2:30",15.9
"1966","10/14/2015 2:40",15.8
"1967","10/14/2015 2:50",15.7
"1968","10/14/2015 3:00",15.7
"1969","10/14/2015 3:10",15.6
"1970","10/14/2015 3:20",15.6
"1971","10/14/2015 3:30",15.5
"1972","10/14/2015 3:40",15.4
"1973","10/14/2015 3:50",15.4
"1974","10/14/2015 4:00",15.3
"1975","10/14/2015 4:10",15.2
"1976","10/14/2015 4:20",15.2
"1977","10/14/2015 4:30",15.1
"1978","10/14/2015 4:40",14.9
"1979","10/14/2015 4:50",14.8
"1980","10/14/2015 5:00",14.8
"1981","10/14/2015 5:10",14.7
"1982","10/14/2015 5:20",14.7
"1983","10/14/2015 5:30",14.7
"1984","10/14/2015 5:40",14.6
"1985","10/14/2015 5:50",14.5
"1986","10/14/2015 6:00",14.5
"1987","10/14/2015 6:10",14.4
"1988","10/14/2015 6:20",14.4
"1989","10/14/2015 6:30",14.4
"1990","10/14/2015 6:40",14.4
"1991","10/14/2015 6:50",14.2
"1992","10/14/2015 7:00",14.2
"1993","10/14/2015 7:10",14.2
"1994","10/14/2015 7:20",14.2
"1995","10/14/2015 7:30",14.1
"1996","10/14/2015 7:40",14
"1997","10/14/2015 7:50",13.9
"1998","10/14/2015 8:00",13.8
"1999","10/14/2015 8:10",13.8
"2000","10/14/2015 8:20",14.2
"2001","10/14/2015 8:30",14.5
"2002","10/14/2015 8:40",14.5
"2003","10/14/2015 8:50",14.5
"2004","10/14/2015 9:00",14.6
"2005","10/14/2015 9:10",14.7
"2006","10/14/2015 9:20",14.8
"2007","10/14/2015 9:30",15
"2008","10/14/2015 9:40",15.2
"2009","10/14/2015 9:50",15.6
"2010","10/14/2015 10:00",16
"2011","10/14/2015 10:10",16.1
"2012","10/14/2015 10:20",16.4
"2013","10/14/2015 10:30",16.6
"2014","10/14/2015 10:40",16.9
"2015","10/14/2015 10:50",17.1
"2016","10/14/2015 11:00",17.5
"2017","10/14/2015 11:10",17.8
"2018","10/14/2015 11:20",18.2
"2019","10/14/2015 11:30",18.7
"2020","10/14/2015 11:40",19.5
"2021","10/14/2015 11:50",19.9
"2022","10/14/2015 12:00",20.2
"2023","10/14/2015 12:10",21.2
"2024","10/14/2015 12:20",22
"2025","10/14/2015 12:30",22.9
"2026","10/14/2015 12:40",23.6
"2027","10/14/2015 12:50",23.7
"2028","10/14/2015 13:00",24.4
"2029","10/14/2015 13:10",24.5
"2030","10/14/2015 13:20",25
"2031","10/14/2015 13:30",25.7
"2032","10/14/2015 13:40",25.8
"2033","10/14/2015 13:50",26.1
"2034","10/14/2015 14:00",26.6
"2035","10/14/2015 14:10",27
"2036","10/14/2015 14:20",26.8
"2037","10/14/2015 14:30",26.4
"2038","10/14/2015 14:40",26
"2039","10/14/2015 14:50",25.5
"2040","10/14/2015 15:00",26
"2041","10/14/2015 15:10",26.2
"2042","10/14/2015 15:20",26.3
"2043","10/14/2015 15:30",26.3
"2044","10/14/2015 15:40",26.1
"2045","10/14/2015 15:50",25.9
"2046","10/14/2015 16:00",25.6
"2047","10/14/2015 16:10",25.4
"2048","10/14/2015 16:20",25.2
"2049","10/14/2015 16:30",24.8
"2050","10/14/2015 16:40",24.6
"2051","10/14/2015 16:50",24.4
"2052","10/14/2015 17:00",24
"2053","10/14/2015 17:10",23.6
"2054","10/14/2015 17:20",23.2
"2055","10/14/2015 17:30",22.8
"2056","10/14/2015 17:40",22.4
"2057","10/14/2015 17:50",22
"2058","10/14/2015 18:00",21.7
"2059","10/14/2015 18:10",21.3
"2060","10/14/2015 18:20",21
"2061","10/14/2015 18:30",20.7
"2062","10/14/2015 18:40",20.4
"2063","10/14/2015 18:50",20.1
"2064","10/14/2015 19:00",19.9
"2065","10/14/2015 19:10",19.7
"2066","10/14/2015 19:20",19.4
"2067","10/14/2015 19:30",19.2
"2068","10/14/2015 19:40",19
"2069","10/14/2015 19:50",18.8
"2070","10/14/2015 20:00",18.7
"2071","10/14/2015 20:10",18.6
"2072","10/14/2015 20:20",18.5
"2073","10/14/2015 20:30",18.5
"2074","10/14/2015 20:40",18.5
"2075","10/14/2015 20:50",18.5
"2076","10/14/2015 21:00",18.4
"2077","10/14/2015 21:10",18.4
"2078","10/14/2015 21:20",18.4
"2079","10/14/2015 21:30",18.4
"2080","10/14/2015 21:40",18.3
"2081","10/14/2015 21:50",18.3
"2082","10/14/2015 22:00",18.3
"2083","10/14/2015 22:10",18.2
"2084","10/14/2015 22:20",18.2
"2085","10/14/2015 22:30",18.2
"2086","10/14/2015 22:40",18.2
"2087","10/14/2015 22:50",18
"2088","10/14/2015 23:00",18
"2089","10/14/2015 23:10",18
"2090","10/14/2015 23:20",18
"2091","10/14/2015 23:30",18
"2092","10/14/2015 23:40",17.6
"2093","10/14/2015 23:50",17.2
"2094","10/15/2015 0:00",17
"2095","10/15/2015 0:10",16.9
"2096","10/15/2015 0:20",16.8
"2097","10/15/2015 0:30",16.7
"2098","10/15/2015 0:40",16.6
"2099","10/15/2015 0:50",16.5
"2100","10/15/2015 1:00",16.4
"2101","10/15/2015 1:10",16.3
"2102","10/15/2015 1:20",16.2
"2103","10/15/2015 1:30",16.1
"2104","10/15/2015 1:40",16
"2105","10/15/2015 1:50",16
"2106","10/15/2015 2:00",15.9
"2107","10/15/2015 2:10",15.8
"2108","10/15/2015 2:20",15.8
"2109","10/15/2015 2:30",15.7
"2110","10/15/2015 2:40",15.7
"2111","10/15/2015 2:50",15.5
"2112","10/15/2015 3:00",15.5
"2113","10/15/2015 3:10",15.4
"2114","10/15/2015 3:20",15.3
"2115","10/15/2015 3:30",15.1
"2116","10/15/2015 3:40",15.1
"2117","10/15/2015 3:50",14.9
"2118","10/15/2015 4:00",14.9
"2119","10/15/2015 4:10",14.8
"2120","10/15/2015 4:20",14.7
"2121","10/15/2015 4:30",14.6
"2122","10/15/2015 4:40",14.5
"2123","10/15/2015 4:50",14.5
"2124","10/15/2015 5:00",14.4
"2125","10/15/2015 5:10",14.4
"2126","10/15/2015 5:20",14.4
"2127","10/15/2015 5:30",14.4
"2128","10/15/2015 5:40",14.3
"2129","10/15/2015 5:50",14.3
"2130","10/15/2015 6:00",14.3
"2131","10/15/2015 6:10",14.2
"2132","10/15/2015 6:20",14.2
"2133","10/15/2015 6:30",14.2
"2134","10/15/2015 6:40",14.1
"2135","10/15/2015 6:50",14.2
"2136","10/15/2015 7:00",14.1
"2137","10/15/2015 7:10",14
"2138","10/15/2015 7:20",14
"2139","10/15/2015 7:30",13.9
"2140","10/15/2015 7:40",13.9
"2141","10/15/2015 7:50",13.8
"2142","10/15/2015 8:00",13.8
"2143","10/15/2015 8:10",13.8
"2144","10/15/2015 8:20",13.8
"2145","10/15/2015 8:30",13.8
"2146","10/15/2015 8:40",13.8
"2147","10/15/2015 8:50",13.8
"2148","10/15/2015 9:00",13.8
"2149","10/15/2015 9:10",13.8
"2150","10/15/2015 9:20",13.9
"2151","10/15/2015 9:30",14.1
"2152","10/15/2015 9:40",14.1
"2153","10/15/2015 9:50",14.3
"2154","10/15/2015 10:00",14.5
"2155","10/15/2015 10:10",14.7
"2156","10/15/2015 10:20",14.8
"2157","10/15/2015 10:30",15.3
"2158","10/15/2015 10:40",15.5
"2159","10/15/2015 10:50",15.7
"2160","10/15/2015 11:00",16
"2161","10/15/2015 11:10",16.3
"2162","10/15/2015 11:20",16.6
"2163","10/15/2015 11:30",16.9
"2164","10/15/2015 11:40",17.3
"2165","10/15/2015 11:50",17.7
"2166","10/15/2015 12:00",18.2
"2167","10/15/2015 12:10",18.7
"2168","10/15/2015 12:20",19
"2169","10/15/2015 12:30",19.6
"2170","10/15/2015 12:40",20
"2171","10/15/2015 12:50",20.7
"2172","10/15/2015 13:00",21.2
"2173","10/15/2015 13:10",21.8
"2174","10/15/2015 13:20",22.4
"2175","10/15/2015 13:30",23.2
"2176","10/15/2015 13:40",23.9
"2177","10/15/2015 13:50",24.4
"2178","10/15/2015 14:00",25
"2179","10/15/2015 14:10",25.6
"2180","10/15/2015 14:20",26.1
"2181","10/15/2015 14:30",26.6
"2182","10/15/2015 14:40",27
"2183","10/15/2015 14:50",27.4
"2184","10/15/2015 15:00",27.8
"2185","10/15/2015 15:10",28
"2186","10/15/2015 15:20",28.3
"2187","10/15/2015 15:30",28.3
"2188","10/15/2015 15:40",28.5
"2189","10/15/2015 15:50",28.6
"2190","10/15/2015 16:00",28.6
"2191","10/15/2015 16:10",28.6
"2192","10/15/2015 16:20",28.7
"2193","10/15/2015 16:30",28.6
"2194","10/15/2015 16:40",27.7
"2195","10/15/2015 16:50",27.5
"2196","10/15/2015 17:00",27.4
"2197","10/15/2015 17:10",27.2
"2198","10/15/2015 17:20",27
"2199","10/15/2015 17:30",26.7
"2200","10/15/2015 17:40",26.4
"2201","10/15/2015 17:50",26
"2202","10/15/2015 18:00",25.6
"2203","10/15/2015 18:10",25.1
"2204","10/15/2015 18:20",24.6
"2205","10/15/2015 18:30",24.2
"2206","10/15/2015 18:40",23.8
"2207","10/15/2015 18:50",23.4
"2208","10/15/2015 19:00",23
"2209","10/15/2015 19:10",22.7
"2210","10/15/2015 19:20",22.4
"2211","10/15/2015 19:30",22.1
"2212","10/15/2015 19:40",22
"2213","10/15/2015 19:50",21.7
"2214","10/15/2015 20:00",21.4
"2215","10/15/2015 20:10",21.1
"2216","10/15/2015 20:20",20.8
"2217","10/15/2015 20:30",20.6
"2218","10/15/2015 20:40",20.3
"2219","10/15/2015 20:50",20.2
"2220","10/15/2015 21:00",20
"2221","10/15/2015 21:10",19.9
"2222","10/15/2015 21:20",19.8
"2223","10/15/2015 21:30",19.7
"2224","10/15/2015 21:40",19.6
"2225","10/15/2015 21:50",19.4
"2226","10/15/2015 22:00",19.2
"2227","10/15/2015 22:10",19.1
"2228","10/15/2015 22:20",19
"2229","10/15/2015 22:30",18.8
"2230","10/15/2015 22:40",18.6
"2231","10/15/2015 22:50",18.5
"2232","10/15/2015 23:00",18.4
"2233","10/15/2015 23:10",18.3
"2234","10/15/2015 23:20",18.1
"2235","10/15/2015 23:30",18
"2236","10/15/2015 23:40",17.9
"2237","10/15/2015 23:50",17.7
"2238","10/16/2015 0:00",17.6
"2239","10/16/2015 0:10",17.5
"2240","10/16/2015 0:20",17.3
"2241","10/16/2015 0:30",17.2
"2242","10/16/2015 0:40",17.1
"2243","10/16/2015 0:50",16.9
"2244","10/16/2015 1:00",16.8
"2245","10/16/2015 1:10",16.6
"2246","10/16/2015 1:20",16.5
"2247","10/16/2015 1:30",16.3
"2248","10/16/2015 1:40",16.2
"2249","10/16/2015 1:50",16.1
"2250","10/16/2015 2:00",16
"2251","10/16/2015 2:10",15.9
"2252","10/16/2015 2:20",15.8
"2253","10/16/2015 2:30",15.7
"2254","10/16/2015 2:40",15.6
"2255","10/16/2015 2:50",15.5
"2256","10/16/2015 3:00",15.4
"2257","10/16/2015 3:10",15.3
"2258","10/16/2015 3:20",15.2
"2259","10/16/2015 3:30",15.1
"2260","10/16/2015 3:40",15
"2261","10/16/2015 3:50",14.9
"2262","10/16/2015 4:00",14.8
"2263","10/16/2015 4:10",14.8
"2264","10/16/2015 4:20",14.7
"2265","10/16/2015 4:30",14.6
"2266","10/16/2015 4:40",14.6
"2267","10/16/2015 4:50",14.6
"2268","10/16/2015 5:00",14.6
"2269","10/16/2015 5:10",14.5
"2270","10/16/2015 5:20",14.5
"2271","10/16/2015 5:30",14.5
"2272","10/16/2015 5:40",14.4
"2273","10/16/2015 5:50",14.3
"2274","10/16/2015 6:00",14.3
"2275","10/16/2015 6:10",14.3
"2276","10/16/2015 6:20",14.3
"2277","10/16/2015 6:30",14.3
"2278","10/16/2015 6:40",14.3
"2279","10/16/2015 6:50",14.3
"2280","10/16/2015 7:00",14.3
"2281","10/16/2015 7:10",14.3
"2282","10/16/2015 7:20",14.3
"2283","10/16/2015 7:30",14.3
"2284","10/16/2015 7:40",14.3
"2285","10/16/2015 7:50",14.2
"2286","10/16/2015 8:00",14.2
"2287","10/16/2015 8:10",14.3
"2288","10/16/2015 8:20",14.3
"2289","10/16/2015 8:30",14.3
"2290","10/16/2015 8:40",14.4
"2291","10/16/2015 8:50",14.4
"2292","10/16/2015 9:00",14.4
"2293","10/16/2015 9:10",14.9
"2294","10/16/2015 9:20",15
"2295","10/16/2015 9:30",15.2
"2296","10/16/2015 9:40",15.5
"2297","10/16/2015 9:50",15.6
"2298","10/16/2015 10:00",15.7
"2299","10/16/2015 10:10",16
"2300","10/16/2015 10:20",16.2
"2301","10/16/2015 10:30",16.8
"2302","10/16/2015 10:40",17.3
"2303","10/16/2015 10:50",17.7
"2304","10/16/2015 11:00",17.9
"2305","10/16/2015 11:10",18.1
"2306","10/16/2015 11:20",18.9
"2307","10/16/2015 11:30",19.8
"2308","10/16/2015 11:40",20.4
"2309","10/16/2015 11:50",21
"2310","10/16/2015 12:00",21.2
"2311","10/16/2015 12:10",21.7
"2312","10/16/2015 12:20",22
"2313","10/16/2015 12:30",22
"2314","10/16/2015 12:40",22.1
"2315","10/16/2015 12:50",22.4
"2316","10/16/2015 13:00",22.7
"2317","10/16/2015 13:10",23
"2318","",NA
"2319","",NA
"2320","",NA
"2321","",NA
"2322","",NA
"2323","",NA
"2324","",NA
"2325","",NA
"2326","",NA
"2327","",NA
"2328","",NA
"2329","",NA
"2330","",NA
"2331","",NA
"2332","",NA
"2333","",NA
"2334","",NA
"2335","",NA
"2336","",NA
"2337","",NA
"2338","",NA
"2339","",NA
"2340","",NA
"2341","",NA
"2342","",NA
"2343","",NA
"2344","",NA
"2345","",NA
"2346","",NA
"2347","",NA
"2348","",NA
"2349","",NA
"2350","",NA
"2351","",NA
"2352","",NA
"2353","",NA
"2354","",NA
"2355","",NA
"2356","",NA
"2357","",NA
"2358","",NA
"2359","",NA
"2360","",NA
"2361","",NA
"2362","",NA
"2363","",NA
"2364","",NA
"2365","",NA
"2366","",NA
"2367","",NA
"2368","",NA
"2369","",NA
"2370","",NA
"2371","",NA
"2372","",NA
"2373","",NA
"2374","",NA
"2375","",NA
"2376","",NA
"2377","",NA
"2378","",NA
"2379","",NA
"2380","",NA
"2381","",NA
"2382","",NA
"2383","",NA
"2384","",NA
"2385","",NA
"2386","",NA
"2387","",NA
"2388","",NA
"2389","",NA
"2390","",NA
"2391","",NA
"2392","",NA
"2393","",NA
"2394","",NA
"2395","",NA
"2396","",NA
"2397","",NA
"2398","",NA
"2399","",NA
"2400","",NA
"2401","",NA
"2402","",NA
"2403","",NA
"2404","",NA
"2405","",NA
"2406","",NA
"2407","",NA
"2408","",NA
"2409","",NA
"2410","",NA
"2411","",NA
"2412","",NA
"2413","",NA
"2414","",NA
"2415","",NA
"2416","",NA
"2417","",NA
"2418","",NA
"2419","",NA
"2420","",NA
"2421","",NA
"2422","",NA
"2423","",NA
"2424","",NA
"2425","",NA
"2426","",NA
"2427","",NA
"2428","",NA
"2429","",NA
"2430","",NA
"2431","",NA
"2432","",NA
"2433","",NA
"2434","",NA
"2435","",NA
"2436","",NA
"2437","",NA
"2438","",NA
"2439","",NA
"2440","",NA
"2441","",NA
"2442","",NA
"2443","",NA
"2444","",NA
"2445","",NA
"2446","",NA
"2447","",NA
"2448","",NA
"2449","",NA
"2450","",NA
"2451","",NA
"2452","",NA
"2453","",NA
"2454","",NA
"2455","",NA
"2456","",NA
"2457","",NA
"2458","",NA
"2459","",NA
"2460","",NA
"2461","",NA
"2462","",NA
"2463","",NA
"2464","",NA
"2465","",NA
"2466","",NA
"2467","",NA
"2468","",NA
"2469","",NA
"2470","",NA
"2471","",NA
"2472","",NA
"2473","",NA
"2474","",NA
"2475","",NA
"2476","",NA
"2477","",NA
"2478","",NA
"2479","",NA
"2480","",NA
"2481","",NA
"2482","",NA
"2483","",NA
"2484","",NA
"2485","",NA
"2486","",NA
"2487","",NA
"2488","",NA
"2489","",NA
"2490","",NA
"2491","",NA
"2492","",NA
"2493","",NA
"2494","",NA
"2495","",NA
"2496","",NA
"2497","",NA
"2498","",NA
"2499","",NA
"2500","",NA
"2501","",NA
"2502","",NA
"2503","",NA
"2504","",NA
"2505","",NA
"2506","",NA
"2507","",NA
"2508","",NA
"2509","",NA
"2510","",NA
"2511","",NA
"2512","",NA
"2513","",NA
"2514","",NA
"2515","",NA
"2516","",NA
"2517","",NA
"2518","",NA
"2519","",NA
"2520","",NA
"2521","",NA
"2522","",NA
"2523","",NA
"2524","",NA
"2525","",NA
"2526","",NA
"2527","",NA
"2528","",NA
"2529","",NA
"2530","",NA
"2531","",NA
"2532","",NA
"2533","",NA
"2534","",NA
"2535","",NA
"2536","",NA
"2537","",NA
"2538","",NA
"2539","",NA
"2540","",NA
"2541","",NA
"2542","",NA
"2543","",NA
"2544","",NA
"2545","",NA
"2546","",NA
"2547","",NA
"2548","",NA
"2549","",NA
"2550","",NA
"2551","",NA
"2552","",NA
"2553","",NA
"2554","",NA
"2555","",NA
"2556","",NA
"2557","",NA
"2558","",NA
"2559","",NA
"2560","",NA
"2561","",NA
"2562","",NA
"2563","",NA
"2564","",NA
"2565","",NA
"2566","",NA
"2567","",NA
"2568","",NA
"2569","",NA
"2570","",NA
"2571","",NA
"2572","",NA
"2573","",NA
"2574","",NA
"2575","",NA
"2576","",NA
"2577","",NA
"2578","",NA
"2579","",NA
"2580","",NA
"2581","",NA
"2582","",NA
"2583","",NA
"2584","",NA
"2585","",NA
"2586","",NA
"2587","",NA
"2588","",NA
"2589","",NA
"2590","",NA
"2591","",NA
"2592","",NA
"2593","",NA
"2594","",NA
"2595","",NA
"2596","",NA
"2597","",NA
"2598","",NA
"2599","",NA
"2600","",NA
"2601","",NA
"2602","",NA
"2603","",NA
"2604","",NA
"2605","",NA
"2606","",NA
"2607","",NA
"2608","",NA
"2609","",NA
"2610","",NA
"2611","",NA
"2612","",NA
"2613","",NA
"2614","",NA
"2615","",NA
"2616","",NA
"2617","",NA
"2618","",NA
"2619","",NA
"2620","",NA
"2621","",NA
"2622","",NA
"2623","",NA
"2624","",NA
"2625","",NA
"2626","",NA
"2627","",NA
"2628","",NA
"2629","",NA
"2630","",NA
"2631","",NA
"2632","",NA
"2633","",NA
"2634","",NA
"2635","",NA
"2636","",NA
"2637","",NA
"2638","",NA
"2639","",NA
"2640","",NA
"2641","",NA
"2642","",NA
"2643","",NA
"2644","",NA
"2645","",NA
"2646","",NA
"2647","",NA
"2648","",NA
"2649","",NA
"2650","",NA
"2651","",NA
"2652","",NA
"2653","",NA
"2654","",NA
"2655","",NA
"2656","",NA
"2657","",NA
"2658","",NA
"2659","",NA
"2660","",NA
"2661","",NA
"2662","",NA
"2663","",NA
"2664","",NA
"2665","",NA
"2666","",NA
"2667","",NA
"2668","",NA
"2669","",NA
"2670","",NA
"2671","",NA
"2672","",NA
"2673","",NA
"2674","",NA
"2675","",NA
"2676","",NA
"2677","",NA
"2678","",NA
"2679","",NA
"2680","",NA
"2681","",NA
"2682","",NA
"2683","",NA
"2684","",NA
"2685","",NA
"2686","",NA
"2687","",NA
"2688","",NA
"2689","",NA
"2690","",NA
"2691","",NA
"2692","",NA
"2693","",NA
"2694","",NA
"2695","",NA
"2696","",NA
"2697","",NA
"2698","",NA
"2699","",NA
"2700","",NA
"2701","",NA
"2702","",NA
"2703","",NA
"2704","",NA
"2705","",NA
"2706","",NA
"2707","",NA
"2708","",NA
"2709","",NA
"2710","",NA
"2711","",NA
"2712","",NA
"2713","",NA
"2714","",NA
"2715","",NA
"2716","",NA
"2717","",NA
"2718","",NA
"2719","",NA
"2720","",NA
"2721","",NA
"2722","",NA
"2723","",NA
"2724","",NA
"2725","",NA
"2726","",NA
"2727","",NA
"2728","",NA
"2729","",NA
"2730","",NA
"2731","",NA
"2732","",NA
"2733","",NA
"2734","",NA
"2735","",NA
"2736","",NA
"2737","",NA
"2738","",NA
"2739","",NA
"2740","",NA
"2741","",NA
"2742","",NA
"2743","",NA
"2744","",NA
"2745","",NA
"2746","",NA
"2747","",NA
"2748","",NA
"2749","",NA
"2750","",NA
"2751","",NA
"2752","",NA
"2753","",NA
"2754","",NA
"2755","",NA
"2756","",NA
"2757","",NA
